x0000,y0000
0,16647,
1e-09,16695,
2e-09,16820,
3e-09,16602,
4e-09,16860,
5e-09,16777,
6e-09,16912,
7e-09,16665,
8e-09,16823,
9e-09,16804,
1e-08,16740,
1.1e-08,16713,
1.2e-08,17017,
1.3e-08,16696,
1.4e-08,16744,
1.5e-08,16649,
1.6e-08,16970,
1.7e-08,16726,
1.8e-08,16670,
1.9e-08,16863,
2e-08,16628,
2.1e-08,16964,
2.2e-08,16447,
2.3e-08,16636,
2.4e-08,16786,
2.5e-08,16677,
2.6e-08,16720,
2.7e-08,16597,
2.8e-08,16507,
2.9e-08,16777,
3e-08,16816,
3.1e-08,16672,
3.2e-08,16730,
3.3e-08,16785,
3.4e-08,16632,
3.5e-08,16801,
3.6e-08,16834,
3.7e-08,16536,
3.8e-08,16666,
3.9e-08,16694,
4e-08,16553,
4.1e-08,16729,
4.2e-08,16620,
4.3e-08,16630,
4.4e-08,16279,
4.5e-08,16100,
4.6e-08,15278,
4.7e-08,14443,
4.8e-08,13664,
4.9e-08,12837,
5e-08,12176,
5.1e-08,11709,
5.2e-08,10995,
5.3e-08,10528,
5.4e-08,10087,
5.5e-08,9548,
5.6e-08,9067,
5.7e-08,8845,
5.8e-08,8461,
5.9e-08,8190,
6e-08,8023,
6.1e-08,7542,
6.2e-08,7356,
6.3e-08,7273,
6.4e-08,6800,
6.5e-08,6570,
6.6e-08,6564,
6.7e-08,6355,
6.8e-08,6161,
6.9e-08,5934,
7e-08,5854,
7.1e-08,5776,
7.2e-08,5560,
7.3e-08,5377,
7.4e-08,5367,
7.5e-08,5224,
7.6e-08,5076,
7.7e-08,4959,
7.8e-08,4772,
7.9e-08,4582,
8e-08,4263,
8.1e-08,3918,
8.2e-08,3676,
8.3e-08,3337,
8.4e-08,3185,
8.5e-08,2965,
8.6e-08,2817,
8.7e-08,2555,
8.8e-08,2453,
8.9e-08,2273,
9e-08,2180,
9.1e-08,2034,
9.2e-08,1892,
9.3e-08,1835,
9.4e-08,1739,
9.5e-08,1607,
9.6e-08,1530,
9.7e-08,1403,
9.8e-08,1407,
9.9e-08,1283,
1e-07,1204,
1.01e-07,1115,
1.02e-07,1096,
1.03e-07,1074,
1.04e-07,914,
1.05e-07,960,
1.06e-07,810,
1.07e-07,865,
1.08e-07,748,
1.09e-07,719,
1.1e-07,670,
1.11e-07,662,
1.12e-07,575,
1.13e-07,611,
1.14e-07,559,
1.15e-07,502,
1.16e-07,515,
1.17e-07,464,
1.18e-07,486,
1.19e-07,389,
1.2e-07,417,
1.21e-07,375,
1.22e-07,343,
1.23e-07,356,
1.24e-07,320,
1.25e-07,328,
1.26e-07,342,
1.27e-07,289,
1.28e-07,285,
1.29e-07,303,
1.3e-07,271,
1.31e-07,258,
1.32e-07,218,
1.33e-07,241,
1.34e-07,223,
1.35e-07,211,
1.36e-07,233,
1.37e-07,197,
1.38e-07,190,
1.39e-07,225,
1.4e-07,213,
1.41e-07,171,
1.42e-07,172,
1.43e-07,181,
1.44e-07,162,
1.45e-07,150,
1.46e-07,159,
1.47e-07,127,
1.48e-07,132,
1.49e-07,137,
1.5e-07,110,
1.51e-07,129,
1.52e-07,118,
1.53e-07,108,
1.54e-07,117,
1.55e-07,122,
1.56e-07,111,
1.57e-07,90,
1.58e-07,99,
1.59e-07,103,
1.6e-07,120,
1.61e-07,112,
1.62e-07,101,
1.63e-07,92,
1.64e-07,79,
1.65e-07,95,
1.66e-07,80,
1.67e-07,105,
1.68e-07,85,
1.69e-07,108,
1.7e-07,89,
1.71e-07,102,
1.72e-07,110,
1.73e-07,90,
1.74e-07,77,
1.75e-07,93,
1.76e-07,84,
1.77e-07,79,
1.78e-07,78,
1.79e-07,66,
1.8e-07,95,
1.81e-07,84,
1.82e-07,84,
1.83e-07,76,
1.84e-07,74,
1.85e-07,68,
1.86e-07,79,
1.87e-07,68,
1.88e-07,91,
1.89e-07,70,
1.9e-07,63,
1.91e-07,73,
1.92e-07,67,
1.93e-07,63,
1.94e-07,81,
1.95e-07,80,
1.96e-07,69,
1.97e-07,61,
1.98e-07,68,
1.99e-07,55,
2e-07,61,
2.01e-07,74,
2.02e-07,57,
2.03e-07,64,
2.04e-07,77,
2.05e-07,73,
2.06e-07,79,
2.07e-07,61,
2.08e-07,78,
2.09e-07,58,
2.1e-07,77,
2.11e-07,71,
2.12e-07,73,
2.13e-07,71,
2.14e-07,64,
2.15e-07,60,
2.16e-07,62,
2.17e-07,77,
2.18e-07,73,
2.19e-07,60,
2.2e-07,60,
2.21e-07,68,
2.22e-07,61,
2.23e-07,67,
2.24e-07,52,
2.25e-07,67,
2.26e-07,68,
2.27e-07,66,
2.28e-07,55,
2.29e-07,59,
2.3e-07,69,
2.31e-07,51,
2.32e-07,64,
2.33e-07,70,
2.34e-07,70,
2.35e-07,65,
2.36e-07,54,
2.37e-07,54,
2.38e-07,53,
2.39e-07,58,
2.4e-07,57,
2.41e-07,62,
2.42e-07,64,
2.43e-07,54,
2.44e-07,56,
2.45e-07,62,
2.46e-07,46,
2.47e-07,54,
2.48e-07,48,
2.49e-07,49,
2.5e-07,64,
2.51e-07,47,
2.52e-07,64,
2.53e-07,67,
2.54e-07,59,
2.55e-07,53,
2.56e-07,49,
2.57e-07,71,
2.58e-07,58,
2.59e-07,62,
2.6e-07,52,
2.61e-07,46,
2.62e-07,68,
2.63e-07,65,
2.64e-07,65,
2.65e-07,60,
2.66e-07,46,
2.67e-07,53,
2.68e-07,60,
2.69e-07,55,
2.7e-07,41,
2.71e-07,63,
2.72e-07,66,
2.73e-07,51,
2.74e-07,67,
2.75e-07,45,
2.76e-07,54,
2.77e-07,65,
2.78e-07,60,
2.79e-07,196,
2.8e-07,664,
2.81e-07,1536,
2.82e-07,2722,
2.83e-07,3887,
2.84e-07,4960,
2.85e-07,6015,
2.86e-07,7052,
2.87e-07,7865,
2.88e-07,8265,
2.89e-07,9221,
2.9e-07,9498,
2.91e-07,9505,
2.92e-07,8946,
2.93e-07,8266,
2.94e-07,7542,
2.95e-07,6922,
2.96e-07,6216,
2.97e-07,5675,
2.98e-07,5211,
2.99e-07,4873,
3e-07,4714,
3.01e-07,4945,
3.02e-07,5757,
3.03e-07,6946,
3.04e-07,7617,
3.05e-07,8388,
3.06e-07,8785,
3.07e-07,9628,
3.08e-07,10301,
3.09e-07,10732,
3.1e-07,11113,
3.11e-07,11517,
3.12e-07,11687,
3.13e-07,11986,
3.14e-07,12103,
3.15e-07,12182,
3.16e-07,11874,
3.17e-07,11168,
3.18e-07,10554,
3.19e-07,9895,
3.2e-07,9529,
3.21e-07,9439,
3.22e-07,9634,
3.23e-07,10131,
3.24e-07,10905,
3.25e-07,11421,
3.26e-07,11763,
3.27e-07,12298,
3.28e-07,12416,
3.29e-07,12586,
3.3e-07,12825,
3.31e-07,12959,
3.32e-07,13192,
3.33e-07,13447,
3.34e-07,13602,
3.35e-07,14034,
3.36e-07,14256,
3.37e-07,14855,
3.38e-07,14838,
3.39e-07,15285,
3.4e-07,15451,
3.41e-07,15859,
3.42e-07,15926,
3.43e-07,16086,
3.44e-07,15967,
3.45e-07,16278,
3.46e-07,16147,
3.47e-07,16287,
3.48e-07,16499,
3.49e-07,16273,
3.5e-07,16237,
3.51e-07,15908,
3.52e-07,15739,
3.53e-07,15382,
3.54e-07,15092,
3.55e-07,15312,
3.56e-07,15673,
3.57e-07,15992,
3.58e-07,15541,
3.59e-07,15739,
3.6e-07,16111,
3.61e-07,16182,
3.62e-07,16390,
3.63e-07,16241,
3.64e-07,16406,
3.65e-07,16463,
3.66e-07,16422,
3.67e-07,16331,
3.68e-07,16529,
3.69e-07,16303,
3.7e-07,16432,
3.71e-07,16490,
3.72e-07,16699,
3.73e-07,16337,
3.74e-07,16537,
3.75e-07,16582,
3.76e-07,16620,
3.77e-07,16673,
3.78e-07,16778,
3.79e-07,16587,
3.8e-07,16601,
3.81e-07,16602,
3.82e-07,16645,
3.83e-07,16751,
3.84e-07,16919,
3.85e-07,16746,
3.86e-07,16802,
3.87e-07,16961,
3.88e-07,16725,
3.89e-07,16538,
3.9e-07,16972,
3.91e-07,16562,
3.92e-07,16648,
3.93e-07,16611,
3.94e-07,16461,
3.95e-07,16545,
3.96e-07,16388,
3.97e-07,16601,
3.98e-07,16780,
3.99e-07,16526,
4e-07,16691,
4.01e-07,16720,
4.02e-07,16639,
4.03e-07,16396,
4.04e-07,16704,
4.05e-07,16705,
4.06e-07,16438,
4.07e-07,16608,
4.08e-07,16435,
4.09e-07,16655,
4.1e-07,16347,
4.11e-07,16720,
4.12e-07,16460,
4.13e-07,16316,
4.14e-07,16710,
4.15e-07,16361,
4.16e-07,16698,
4.17e-07,16486,
4.18e-07,16335,
4.19e-07,16258,
4.2e-07,16565,
4.21e-07,16421,
4.22e-07,16420,
4.23e-07,16523,
4.24e-07,16402,
4.25e-07,16425,
4.26e-07,16559,
4.27e-07,16458,
4.28e-07,16245,
4.29e-07,16394,
4.3e-07,16458,
4.31e-07,16434,
4.32e-07,16354,
4.33e-07,16272,
4.34e-07,16504,
4.35e-07,16368,
4.36e-07,16553,
4.37e-07,16480,
4.38e-07,16294,
4.39e-07,16285,
4.4e-07,16471,
4.41e-07,16345,
4.42e-07,16493,
4.43e-07,16236,
4.44e-07,16452,
4.45e-07,16584,
4.46e-07,16367,
4.47e-07,16302,
4.48e-07,16597,
4.49e-07,16406,
4.5e-07,16025,
4.51e-07,16427,
4.52e-07,16149,
4.53e-07,16343,
4.54e-07,16480,
4.55e-07,16414,
4.56e-07,16259,
4.57e-07,16426,
4.58e-07,16236,
4.59e-07,16370,
4.6e-07,16378,
4.61e-07,16613,
4.62e-07,16496,
4.63e-07,16425,
4.64e-07,16421,
4.65e-07,16284,
4.66e-07,16512,
4.67e-07,16152,
4.68e-07,16423,
4.69e-07,16331,
4.7e-07,16297,
4.71e-07,16560,
4.72e-07,16346,
4.73e-07,16183,
4.74e-07,16007,
4.75e-07,16312,
4.76e-07,16577,
4.77e-07,16207,
4.78e-07,16213,
4.79e-07,16270,
4.8e-07,16261,
4.81e-07,16436,
4.82e-07,16286,
4.83e-07,16362,
4.84e-07,16702,
4.85e-07,16437,
4.86e-07,16427,
4.87e-07,16382,
4.88e-07,16372,
4.89e-07,16180,
4.9e-07,16297,
4.91e-07,16260,
4.92e-07,16516,
4.93e-07,16512,
4.94e-07,16247,
4.95e-07,16660,
4.96e-07,16569,
4.97e-07,16559,
4.98e-07,16244,
4.99e-07,16533,
5e-07,16464,
5.01e-07,16360,
5.02e-07,16332,
5.03e-07,16281,
5.04e-07,16285,
5.05e-07,16517,
5.06e-07,16188,
5.07e-07,16318,
5.08e-07,16347,
5.09e-07,16135,
5.1e-07,16018,
5.11e-07,16576,
5.12e-07,16353,
5.13e-07,16512,
5.14e-07,16530,
5.15e-07,16465,
5.16e-07,16504,
5.17e-07,16261,
5.18e-07,16351,
5.19e-07,16363,
5.2e-07,16496,
5.21e-07,16396,
5.22e-07,16703,
5.23e-07,16376,
5.24e-07,16382,
5.25e-07,16266,
5.26e-07,16341,
5.27e-07,16786,
5.28e-07,16473,
5.29e-07,16381,
5.3e-07,16610,
5.31e-07,16211,
5.32e-07,16311,
5.33e-07,16308,
5.34e-07,16252,
5.35e-07,16325,
5.36e-07,16414,
5.37e-07,16571,
5.38e-07,16244,
5.39e-07,16011,
5.4e-07,16348,
5.41e-07,16128,
5.42e-07,16476,
5.43e-07,16100,
5.44e-07,16398,
5.45e-07,16233,
5.46e-07,16263,
5.47e-07,16490,
5.48e-07,16541,
5.49e-07,16510,
5.5e-07,16353,
5.51e-07,16490,
5.52e-07,16422,
5.53e-07,16276,
5.54e-07,16297,
5.55e-07,16548,
5.56e-07,16328,
5.57e-07,16191,
5.58e-07,16283,
5.59e-07,16257,
5.6e-07,16125,
5.61e-07,16416,
5.62e-07,16434,
5.63e-07,15936,
5.64e-07,16338,
5.65e-07,16391,
5.66e-07,16404,
5.67e-07,16285,
5.68e-07,16152,
5.69e-07,16337,
5.7e-07,16135,
5.71e-07,16150,
5.72e-07,16434,
5.73e-07,16109,
5.74e-07,16504,
5.75e-07,15976,
5.76e-07,16465,
5.77e-07,16405,
5.78e-07,16212,
5.79e-07,16406,
5.8e-07,16258,
5.81e-07,16367,
5.82e-07,16332,
5.83e-07,16089,
5.84e-07,16298,
5.85e-07,16324,
5.86e-07,16382,
5.87e-07,16186,
5.88e-07,16081,
5.89e-07,16200,
5.9e-07,16144,
5.91e-07,16081,
5.92e-07,16119,
5.93e-07,16269,
5.94e-07,16376,
5.95e-07,16332,
5.96e-07,16067,
5.97e-07,16388,
5.98e-07,16309,
5.99e-07,16139,
6e-07,16097,
6.01e-07,16332,
6.02e-07,16332,
6.03e-07,16140,
6.04e-07,16127,
6.05e-07,16038,
6.06e-07,16416,
6.07e-07,16270,
6.08e-07,16197,
6.09e-07,16247,
6.1e-07,16433,
6.11e-07,16202,
6.12e-07,16231,
6.13e-07,16103,
6.14e-07,16118,
6.15e-07,15889,
6.16e-07,16142,
6.17e-07,16101,
6.18e-07,16289,
6.19e-07,16027,
6.2e-07,16257,
6.21e-07,16305,
6.22e-07,16142,
6.23e-07,16080,
6.24e-07,16339,
6.25e-07,16282,
6.26e-07,16185,
6.27e-07,16453,
6.28e-07,16203,
6.29e-07,16490,
6.3e-07,16156,
6.31e-07,16210,
6.32e-07,16131,
6.33e-07,16122,
6.34e-07,16159,
6.35e-07,16495,
6.36e-07,16440,
6.37e-07,16267,
6.38e-07,16149,
6.39e-07,16146,
6.4e-07,16250,
6.41e-07,16219,
6.42e-07,16304,
6.43e-07,16468,
6.44e-07,16433,
6.45e-07,16211,
6.46e-07,16204,
6.47e-07,16245,
6.48e-07,16037,
6.49e-07,16118,
6.5e-07,16180,
6.51e-07,16187,
6.52e-07,16287,
6.53e-07,16221,
6.54e-07,16262,
6.55e-07,16195,
6.56e-07,16111,
6.57e-07,16267,
6.58e-07,16166,
6.59e-07,16281,
6.6e-07,15916,
6.61e-07,16104,
6.62e-07,16304,
6.63e-07,16095,
6.64e-07,16105,
6.65e-07,16259,
6.66e-07,16060,
6.67e-07,16271,
6.68e-07,16317,
6.69e-07,16131,
6.7e-07,16363,
6.71e-07,16332,
6.72e-07,16216,
6.73e-07,15759,
6.74e-07,16158,
6.75e-07,16182,
6.76e-07,16196,
6.77e-07,16468,
6.78e-07,16367,
6.79e-07,16196,
6.8e-07,16166,
6.81e-07,16328,
6.82e-07,16268,
6.83e-07,16093,
6.84e-07,16141,
6.85e-07,16306,
6.86e-07,16037,
6.87e-07,15940,
6.88e-07,16052,
6.89e-07,15919,
6.9e-07,16184,
6.91e-07,16175,
6.92e-07,16145,
6.93e-07,16468,
6.94e-07,16519,
6.95e-07,16133,
6.96e-07,16153,
6.97e-07,16352,
6.98e-07,16289,
6.99e-07,16260,
7e-07,16183,
7.01e-07,16223,
7.02e-07,15921,
7.03e-07,16018,
7.04e-07,16034,
7.05e-07,16168,
7.06e-07,16149,
7.07e-07,15950,
7.08e-07,16085,
7.09e-07,16244,
7.1e-07,16236,
7.11e-07,16267,
7.12e-07,16098,
7.13e-07,16293,
7.14e-07,15938,
7.15e-07,16181,
7.16e-07,16267,
7.17e-07,15766,
7.18e-07,16009,
7.19e-07,16279,
7.2e-07,16089,
7.21e-07,15931,
7.22e-07,16242,
7.23e-07,16042,
7.24e-07,15786,
7.25e-07,16340,
7.26e-07,15977,
7.27e-07,16075,
7.28e-07,16029,
7.29e-07,16264,
7.3e-07,16084,
7.31e-07,16046,
7.32e-07,16087,
7.33e-07,16160,
7.34e-07,16178,
7.35e-07,15904,
7.36e-07,15830,
7.37e-07,16163,
7.38e-07,16336,
7.39e-07,16110,
7.4e-07,16368,
7.41e-07,15790,
7.42e-07,16037,
7.43e-07,16141,
7.44e-07,16016,
7.45e-07,15969,
7.46e-07,16194,
7.47e-07,16375,
7.48e-07,15749,
7.49e-07,15930,
7.5e-07,16070,
7.51e-07,15927,
7.52e-07,16011,
7.53e-07,16133,
7.54e-07,15981,
7.55e-07,16283,
7.56e-07,15996,
7.57e-07,16272,
7.58e-07,16211,
7.59e-07,16061,
7.6e-07,16008,
7.61e-07,16119,
7.62e-07,16044,
7.63e-07,16052,
7.64e-07,16061,
7.65e-07,16202,
7.66e-07,15957,
7.67e-07,15881,
7.68e-07,16206,
7.69e-07,16000,
7.7e-07,16174,
7.71e-07,15955,
7.72e-07,15960,
7.73e-07,16156,
7.74e-07,16071,
7.75e-07,15992,
7.76e-07,16112,
7.77e-07,16030,
7.78e-07,15983,
7.79e-07,15940,
7.8e-07,16074,
7.81e-07,16185,
7.82e-07,16167,
7.83e-07,16125,
7.84e-07,15944,
7.85e-07,16038,
7.86e-07,15926,
7.87e-07,16054,
7.88e-07,16116,
7.89e-07,16286,
7.9e-07,15910,
7.91e-07,16020,
7.92e-07,16214,
7.93e-07,15893,
7.94e-07,16005,
7.95e-07,15808,
7.96e-07,16076,
7.97e-07,15974,
7.98e-07,16164,
7.99e-07,15849,
8e-07,16106,
8.01e-07,15886,
8.02e-07,16270,
8.03e-07,16063,
8.04e-07,16065,
8.05e-07,16025,
8.06e-07,16090,
8.07e-07,16036,
8.08e-07,15969,
8.09e-07,16133,
8.1e-07,15990,
8.11e-07,16238,
8.12e-07,16028,
8.13e-07,15913,
8.14e-07,15734,
8.15e-07,16213,
8.16e-07,15779,
8.17e-07,15917,
8.18e-07,15888,
8.19e-07,16135,
8.2e-07,16084,
8.21e-07,15871,
8.22e-07,16107,
8.23e-07,15991,
8.24e-07,16043,
8.25e-07,15936,
8.26e-07,16250,
8.27e-07,15727,
8.28e-07,16094,
8.29e-07,15830,
8.3e-07,15987,
8.31e-07,15841,
8.32e-07,15968,
8.33e-07,15971,
8.34e-07,16139,
8.35e-07,16099,
8.36e-07,15767,
8.37e-07,16110,
8.38e-07,15900,
8.39e-07,16077,
8.4e-07,15981,
8.41e-07,15998,
8.42e-07,16016,
8.43e-07,16136,
8.44e-07,16264,
8.45e-07,15976,
8.46e-07,15894,
8.47e-07,16381,
8.48e-07,15821,
8.49e-07,15960,
8.5e-07,15996,
8.51e-07,16144,
8.52e-07,16030,
8.53e-07,16002,
8.54e-07,16271,
8.55e-07,16025,
8.56e-07,16133,
8.57e-07,15792,
8.58e-07,16116,
8.59e-07,15938,
8.6e-07,16077,
8.61e-07,15830,
8.62e-07,15944,
8.63e-07,15820,
8.64e-07,16019,
8.65e-07,16143,
8.66e-07,16210,
8.67e-07,16046,
8.68e-07,16223,
8.69e-07,15848,
8.7e-07,15888,
8.71e-07,15821,
8.72e-07,15866,
8.73e-07,15892,
8.74e-07,16326,
8.75e-07,15942,
8.76e-07,15689,
8.77e-07,15861,
8.78e-07,15870,
8.79e-07,16048,
8.8e-07,16182,
8.81e-07,16016,
8.82e-07,15779,
8.83e-07,16253,
8.84e-07,16115,
8.85e-07,16235,
8.86e-07,16100,
8.87e-07,15832,
8.88e-07,16126,
8.89e-07,16026,
8.9e-07,15971,
8.91e-07,16130,
8.92e-07,16144,
8.93e-07,16125,
8.94e-07,16034,
8.95e-07,16099,
8.96e-07,16062,
8.97e-07,15929,
8.98e-07,15961,
8.99e-07,16010,
9e-07,15969,
9.01e-07,16036,
9.02e-07,16026,
9.03e-07,16046,
9.04e-07,15867,
9.05e-07,16152,
9.06e-07,16001,
9.07e-07,16068,
9.08e-07,16099,
9.09e-07,16029,
9.1e-07,16071,
9.11e-07,15861,
9.12e-07,16035,
9.13e-07,16041,
9.14e-07,16095,
9.15e-07,16244,
9.16e-07,15933,
9.17e-07,16336,
9.18e-07,15974,
9.19e-07,15696,
9.2e-07,15949,
9.21e-07,15785,
9.22e-07,16137,
9.23e-07,16027,
9.24e-07,16113,
9.25e-07,15783,
9.26e-07,16002,
9.27e-07,15955,
9.28e-07,16128,
9.29e-07,15810,
9.3e-07,16026,
9.31e-07,15994,
9.32e-07,16019,
9.33e-07,16065,
9.34e-07,16042,
9.35e-07,15913,
9.36e-07,15776,
9.37e-07,16131,
9.38e-07,16064,
9.39e-07,16066,
9.4e-07,16098,
9.41e-07,16106,
9.42e-07,15774,
9.43e-07,15856,
9.44e-07,15955,
9.45e-07,15909,
9.46e-07,16097,
9.47e-07,15926,
9.48e-07,16035,
9.49e-07,16102,
9.5e-07,16265,
9.51e-07,16119,
9.52e-07,16141,
9.53e-07,15865,
9.54e-07,15892,
9.55e-07,16031,
9.56e-07,16044,
9.57e-07,16144,
9.58e-07,15854,
9.59e-07,15718,
9.6e-07,15937,
9.61e-07,15948,
9.62e-07,15857,
9.63e-07,16014,
9.64e-07,16056,
9.65e-07,15936,
9.66e-07,16016,
9.67e-07,15892,
9.68e-07,16216,
9.69e-07,15951,
9.7e-07,16306,
9.71e-07,16188,
9.72e-07,15850,
9.73e-07,16034,
9.74e-07,16135,
9.75e-07,16066,
9.76e-07,15962,
9.77e-07,15863,
9.78e-07,16107,
9.79e-07,15966,
9.8e-07,15865,
9.81e-07,15971,
9.82e-07,16198,
9.83e-07,16075,
9.84e-07,15994,
9.85e-07,15959,
9.86e-07,15798,
9.87e-07,16005,
9.88e-07,16038,
9.89e-07,15994,
9.9e-07,15843,
9.91e-07,16002,
9.92e-07,15751,
9.93e-07,16001,
9.94e-07,16063,
9.95e-07,15798,
9.96e-07,16137,
9.97e-07,16005,
9.98e-07,15883,
9.99e-07,16039,
1e-06,15961,
1.001e-06,15807,
1.002e-06,15979,
1.003e-06,15938,
1.004e-06,15731,
1.005e-06,15959,
1.006e-06,15898,
1.007e-06,16041,
1.008e-06,15954,
1.009e-06,16215,
1.01e-06,15973,
1.011e-06,16142,
1.012e-06,15798,
1.013e-06,15923,
1.014e-06,16068,
1.015e-06,15893,
1.016e-06,16134,
1.017e-06,15926,
1.018e-06,16052,
1.019e-06,15934,
1.02e-06,16029,
1.021e-06,16050,
1.022e-06,15919,
1.023e-06,15893,
1.024e-06,16095,
1.025e-06,15995,
1.026e-06,16177,
1.027e-06,16094,
1.028e-06,15794,
1.029e-06,15885,
1.03e-06,16044,
1.031e-06,16091,
1.032e-06,16202,
1.033e-06,15889,
1.034e-06,16005,
1.035e-06,16076,
1.036e-06,15917,
1.037e-06,16215,
1.038e-06,16022,
1.039e-06,15755,
1.04e-06,15864,
1.041e-06,16079,
1.042e-06,15896,
1.043e-06,16272,
1.044e-06,16068,
1.045e-06,16261,
1.046e-06,16039,
1.047e-06,15969,
1.048e-06,16214,
1.049e-06,15919,
1.05e-06,16049,
1.051e-06,16049,
1.052e-06,15828,
1.053e-06,15886,
1.054e-06,16015,
1.055e-06,16269,
1.056e-06,16038,
1.057e-06,15914,
1.058e-06,15948,
1.059e-06,15957,
1.06e-06,15886,
1.061e-06,16114,
1.062e-06,16078,
1.063e-06,16068,
1.064e-06,15891,
1.065e-06,16056,
1.066e-06,16004,
1.067e-06,16089,
1.068e-06,15951,
1.069e-06,16116,
1.07e-06,16041,
1.071e-06,16170,
1.072e-06,15880,
1.073e-06,15988,
1.074e-06,16007,
1.075e-06,15786,
1.076e-06,16163,
1.077e-06,16122,
1.078e-06,16122,
1.079e-06,16206,
1.08e-06,15934,
1.081e-06,15999,
1.082e-06,16147,
1.083e-06,16172,
1.084e-06,15882,
1.085e-06,15787,
1.086e-06,16204,
1.087e-06,15800,
1.088e-06,16038,
1.089e-06,16096,
1.09e-06,16124,
1.091e-06,15932,
1.092e-06,15789,
1.093e-06,15925,
1.094e-06,16390,
1.095e-06,15821,
1.096e-06,16130,
1.097e-06,15973,
1.098e-06,16206,
1.099e-06,16035,
1.1e-06,15952,
1.101e-06,15966,
1.102e-06,15980,
1.103e-06,16057,
1.104e-06,15936,
1.105e-06,16140,
1.106e-06,15855,
1.107e-06,16286,
1.108e-06,16007,
1.109e-06,16040,
1.11e-06,15875,
1.111e-06,16292,
1.112e-06,15796,
1.113e-06,16105,
1.114e-06,16109,
1.115e-06,16071,
1.116e-06,16234,
1.117e-06,16139,
1.118e-06,15936,
1.119e-06,16305,
1.12e-06,16187,
1.121e-06,15734,
1.122e-06,15842,
1.123e-06,15987,
1.124e-06,16225,
1.125e-06,15838,
1.126e-06,16062,
1.127e-06,15992,
1.128e-06,16055,
1.129e-06,16008,
1.13e-06,16129,
1.131e-06,16076,
1.132e-06,16005,
1.133e-06,15952,
1.134e-06,15978,
1.135e-06,16207,
1.136e-06,16034,
1.137e-06,15969,
1.138e-06,16010,
1.139e-06,15721,
1.14e-06,16161,
1.141e-06,16123,
1.142e-06,16103,
1.143e-06,16125,
1.144e-06,15948,
1.145e-06,15935,
1.146e-06,15892,
1.147e-06,15969,
1.148e-06,16112,
1.149e-06,16109,
1.15e-06,16099,
1.151e-06,15950,
1.152e-06,16020,
1.153e-06,16062,
1.154e-06,15884,
1.155e-06,16118,
1.156e-06,16087,
1.157e-06,16055,
1.158e-06,16072,
1.159e-06,15911,
1.16e-06,15938,
1.161e-06,15784,
1.162e-06,15887,
1.163e-06,16148,
1.164e-06,16091,
1.165e-06,15879,
1.166e-06,16335,
1.167e-06,16031,
1.168e-06,16111,
1.169e-06,16284,
1.17e-06,15896,
1.171e-06,16169,
1.172e-06,16192,
1.173e-06,16245,
1.174e-06,15956,
1.175e-06,16151,
1.176e-06,15999,
1.177e-06,16000,
1.178e-06,15953,
1.179e-06,16087,
1.18e-06,16141,
1.181e-06,16031,
1.182e-06,16174,
1.183e-06,16107,
1.184e-06,16081,
1.185e-06,16128,
1.186e-06,16099,
1.187e-06,15998,
1.188e-06,16038,
1.189e-06,15964,
1.19e-06,15768,
1.191e-06,16274,
1.192e-06,16046,
1.193e-06,15994,
1.194e-06,16001,
1.195e-06,15944,
1.196e-06,15978,
1.197e-06,16152,
1.198e-06,15974,
1.199e-06,15922,
1.2e-06,15920,
1.201e-06,16058,
1.202e-06,15958,
1.203e-06,16071,
1.204e-06,16144,
1.205e-06,15863,
1.206e-06,16067,
1.207e-06,16284,
1.208e-06,15886,
1.209e-06,16197,
1.21e-06,15955,
1.211e-06,15970,
1.212e-06,16171,
1.213e-06,15978,
1.214e-06,15751,
1.215e-06,16198,
1.216e-06,16177,
1.217e-06,16214,
1.218e-06,16050,
1.219e-06,15792,
1.22e-06,15930,
1.221e-06,16046,
1.222e-06,16073,
1.223e-06,15995,
1.224e-06,15882,
1.225e-06,16021,
1.226e-06,16116,
1.227e-06,15895,
1.228e-06,15989,
1.229e-06,15985,
1.23e-06,15881,
1.231e-06,16004,
1.232e-06,16086,
1.233e-06,15985,
1.234e-06,16044,
1.235e-06,16151,
1.236e-06,16020,
1.237e-06,16110,
1.238e-06,16228,
1.239e-06,16111,
1.24e-06,15947,
1.241e-06,16155,
1.242e-06,15980,
1.243e-06,16070,
1.244e-06,16356,
1.245e-06,15996,
1.246e-06,16032,
1.247e-06,16120,
1.248e-06,16036,
1.249e-06,16056,
1.25e-06,16029,
1.251e-06,16062,
1.252e-06,15879,
1.253e-06,15977,
1.254e-06,16048,
1.255e-06,16143,
1.256e-06,16280,
1.257e-06,16347,
1.258e-06,15899,
1.259e-06,15918,
1.26e-06,16074,
1.261e-06,16039,
1.262e-06,15929,
1.263e-06,16181,
1.264e-06,15833,
1.265e-06,16086,
1.266e-06,15988,
1.267e-06,16067,
1.268e-06,16284,
1.269e-06,16168,
1.27e-06,16066,
1.271e-06,16035,
1.272e-06,16140,
1.273e-06,16107,
1.274e-06,16112,
1.275e-06,16006,
1.276e-06,15803,
1.277e-06,16241,
1.278e-06,16224,
1.279e-06,16108,
1.28e-06,16105,
1.281e-06,16151,
1.282e-06,16186,
1.283e-06,16086,
1.284e-06,16177,
1.285e-06,16188,
1.286e-06,16263,
1.287e-06,16127,
1.288e-06,16108,
1.289e-06,16067,
1.29e-06,16350,
1.291e-06,15912,
1.292e-06,16051,
1.293e-06,16100,
1.294e-06,16215,
1.295e-06,16168,
1.296e-06,16278,
1.297e-06,16053,
1.298e-06,16158,
1.299e-06,16075,
1.3e-06,15829,
1.301e-06,16087,
1.302e-06,15876,
1.303e-06,16423,
1.304e-06,16245,
1.305e-06,16197,
1.306e-06,15948,
1.307e-06,16090,
1.308e-06,15967,
1.309e-06,16117,
1.31e-06,16118,
1.311e-06,15996,
1.312e-06,16116,
1.313e-06,16192,
1.314e-06,16230,
1.315e-06,15773,
1.316e-06,16017,
1.317e-06,15998,
1.318e-06,16074,
1.319e-06,16057,
1.32e-06,16269,
1.321e-06,16007,
1.322e-06,16215,
1.323e-06,16376,
1.324e-06,16141,
1.325e-06,15949,
1.326e-06,15984,
1.327e-06,16063,
1.328e-06,16131,
1.329e-06,15966,
1.33e-06,15930,
1.331e-06,15914,
1.332e-06,16160,
1.333e-06,16221,
1.334e-06,16134,
1.335e-06,16040,
1.336e-06,16252,
1.337e-06,16133,
1.338e-06,16352,
1.339e-06,15943,
1.34e-06,16201,
1.341e-06,15936,
1.342e-06,15930,
1.343e-06,15989,
1.344e-06,16171,
1.345e-06,16027,
1.346e-06,16115,
1.347e-06,16247,
1.348e-06,16171,
1.349e-06,15937,
1.35e-06,16297,
1.351e-06,16290,
1.352e-06,16390,
1.353e-06,16182,
1.354e-06,16077,
1.355e-06,16483,
1.356e-06,16301,
1.357e-06,16131,
1.358e-06,16306,
1.359e-06,16121,
1.36e-06,16026,
1.361e-06,16339,
1.362e-06,16267,
1.363e-06,15877,
1.364e-06,16244,
1.365e-06,16266,
1.366e-06,16077,
1.367e-06,16360,
1.368e-06,16223,
1.369e-06,15929,
1.37e-06,16399,
1.371e-06,16107,
1.372e-06,16055,
1.373e-06,15934,
1.374e-06,16168,
1.375e-06,16152,
1.376e-06,16149,
1.377e-06,16287,
1.378e-06,16090,
1.379e-06,16059,
1.38e-06,16314,
1.381e-06,16093,
1.382e-06,15998,
1.383e-06,16319,
1.384e-06,15938,
1.385e-06,15985,
1.386e-06,16134,
1.387e-06,16037,
1.388e-06,16003,
1.389e-06,15978,
1.39e-06,16118,
1.391e-06,16028,
1.392e-06,15954,
1.393e-06,15995,
1.394e-06,16231,
1.395e-06,15959,
1.396e-06,16105,
1.397e-06,16096,
1.398e-06,15991,
1.399e-06,16320,
1.4e-06,16324,
1.401e-06,16103,
1.402e-06,15970,
1.403e-06,15863,
1.404e-06,16075,
1.405e-06,16260,
1.406e-06,16028,
1.407e-06,16193,
1.408e-06,16244,
1.409e-06,16032,
1.41e-06,16233,
1.411e-06,16296,
1.412e-06,16160,
1.413e-06,16222,
1.414e-06,16384,
1.415e-06,16066,
1.416e-06,16035,
1.417e-06,16043,
1.418e-06,16234,
1.419e-06,16127,
1.42e-06,16192,
1.421e-06,15857,
1.422e-06,16128,
1.423e-06,16046,
1.424e-06,16025,
1.425e-06,16251,
1.426e-06,16221,
1.427e-06,16189,
1.428e-06,15876,
1.429e-06,16241,
1.43e-06,15903,
1.431e-06,16266,
1.432e-06,16207,
1.433e-06,16086,
1.434e-06,16236,
1.435e-06,16276,
1.436e-06,16236,
1.437e-06,16045,
1.438e-06,16208,
1.439e-06,16229,
1.44e-06,16330,
1.441e-06,16313,
1.442e-06,15971,
1.443e-06,16083,
1.444e-06,16205,
1.445e-06,16166,
1.446e-06,16249,
1.447e-06,16127,
1.448e-06,16247,
1.449e-06,16312,
1.45e-06,16182,
1.451e-06,16321,
1.452e-06,16258,
1.453e-06,16155,
1.454e-06,16265,
1.455e-06,16370,
1.456e-06,16282,
1.457e-06,16103,
1.458e-06,16252,
1.459e-06,16227,
1.46e-06,15911,
1.461e-06,16509,
1.462e-06,16027,
1.463e-06,16178,
1.464e-06,16086,
1.465e-06,16411,
1.466e-06,15995,
1.467e-06,15831,
1.468e-06,16207,
1.469e-06,16317,
1.47e-06,16113,
1.471e-06,16199,
1.472e-06,16262,
1.473e-06,16204,
1.474e-06,16080,
1.475e-06,16164,
1.476e-06,16097,
1.477e-06,15934,
1.478e-06,16260,
1.479e-06,16249,
1.48e-06,16030,
1.481e-06,16176,
1.482e-06,16179,
1.483e-06,16540,
1.484e-06,16276,
1.485e-06,16183,
1.486e-06,16082,
1.487e-06,16205,
1.488e-06,16304,
1.489e-06,16510,
1.49e-06,16202,
1.491e-06,16027,
1.492e-06,16156,
1.493e-06,16137,
1.494e-06,16151,
1.495e-06,16283,
1.496e-06,16013,
1.497e-06,16056,
1.498e-06,16351,
1.499e-06,16233,
1.5e-06,16114,
1.501e-06,16232,
1.502e-06,16068,
1.503e-06,16270,
1.504e-06,16195,
1.505e-06,16331,
1.506e-06,16274,
1.507e-06,16047,
1.508e-06,16135,
1.509e-06,16065,
1.51e-06,16243,
1.511e-06,16418,
1.512e-06,16060,
1.513e-06,16280,
1.514e-06,16095,
1.515e-06,16016,
1.516e-06,16114,
1.517e-06,16437,
1.518e-06,16140,
1.519e-06,15966,
1.52e-06,16179,
1.521e-06,16318,
1.522e-06,16238,
1.523e-06,16137,
1.524e-06,16239,
1.525e-06,16052,
1.526e-06,16387,
1.527e-06,16321,
1.528e-06,16292,
1.529e-06,16435,
1.53e-06,16063,
1.531e-06,16288,
1.532e-06,16219,
1.533e-06,16178,
1.534e-06,16310,
1.535e-06,16182,
1.536e-06,16264,
1.537e-06,16256,
1.538e-06,16232,
1.539e-06,16251,
1.54e-06,16408,
1.541e-06,16177,
1.542e-06,16298,
1.543e-06,16261,
1.544e-06,16432,
1.545e-06,16103,
1.546e-06,16203,
1.547e-06,16271,
1.548e-06,16212,
1.549e-06,16206,
1.55e-06,16164,
1.551e-06,16114,
1.552e-06,16355,
1.553e-06,16057,
1.554e-06,16288,
1.555e-06,16365,
1.556e-06,16295,
1.557e-06,16259,
1.558e-06,16289,
1.559e-06,16164,
1.56e-06,16175,
1.561e-06,15984,
1.562e-06,16362,
1.563e-06,16185,
1.564e-06,16324,
1.565e-06,16308,
1.566e-06,16181,
1.567e-06,16174,
1.568e-06,16291,
1.569e-06,16425,
1.57e-06,16175,
1.571e-06,16137,
1.572e-06,16152,
1.573e-06,16280,
1.574e-06,16210,
1.575e-06,16223,
1.576e-06,16266,
1.577e-06,16108,
1.578e-06,16421,
1.579e-06,16214,
1.58e-06,16197,
1.581e-06,16329,
1.582e-06,16127,
1.583e-06,16246,
1.584e-06,16150,
1.585e-06,16220,
1.586e-06,16492,
1.587e-06,16458,
1.588e-06,16019,
1.589e-06,16195,
1.59e-06,16282,
1.591e-06,16206,
1.592e-06,16339,
1.593e-06,16348,
1.594e-06,16111,
1.595e-06,16021,
1.596e-06,16507,
1.597e-06,16162,
1.598e-06,16399,
1.599e-06,16096,
1.6e-06,16132,
1.601e-06,16223,
1.602e-06,16262,
1.603e-06,16075,
1.604e-06,16243,
1.605e-06,16159,
1.606e-06,16310,
1.607e-06,16074,
1.608e-06,16381,
1.609e-06,16334,
1.61e-06,16218,
1.611e-06,16140,
1.612e-06,16451,
1.613e-06,16197,
1.614e-06,16431,
1.615e-06,16136,
1.616e-06,16414,
1.617e-06,16253,
1.618e-06,16502,
1.619e-06,16280,
1.62e-06,16077,
1.621e-06,16125,
1.622e-06,16143,
1.623e-06,16175,
1.624e-06,16138,
1.625e-06,16206,
1.626e-06,16226,
1.627e-06,16161,
1.628e-06,16043,
1.629e-06,16110,
1.63e-06,16131,
1.631e-06,16147,
1.632e-06,16222,
1.633e-06,16260,
1.634e-06,16220,
1.635e-06,16406,
1.636e-06,16484,
1.637e-06,16293,
1.638e-06,16147,
1.639e-06,16520,
1.64e-06,16112,
1.641e-06,16228,
1.642e-06,16416,
1.643e-06,16377,
1.644e-06,16363,
1.645e-06,16529,
1.646e-06,16090,
1.647e-06,16140,
1.648e-06,16189,
1.649e-06,16501,
1.65e-06,16335,
1.651e-06,16079,
1.652e-06,16270,
1.653e-06,16392,
1.654e-06,16252,
1.655e-06,16350,
1.656e-06,16216,
1.657e-06,16396,
1.658e-06,16273,
1.659e-06,16260,
1.66e-06,16429,
1.661e-06,16261,
1.662e-06,16248,
1.663e-06,16202,
1.664e-06,16077,
1.665e-06,16209,
1.666e-06,16327,
1.667e-06,16287,
1.668e-06,16507,
1.669e-06,16279,
1.67e-06,16090,
1.671e-06,16104,
1.672e-06,16341,
1.673e-06,16371,
1.674e-06,16239,
1.675e-06,16333,
1.676e-06,16291,
1.677e-06,16408,
1.678e-06,16147,
1.679e-06,16226,
1.68e-06,16168,
1.681e-06,16381,
1.682e-06,16451,
1.683e-06,16551,
1.684e-06,16310,
1.685e-06,16190,
1.686e-06,16451,
1.687e-06,16436,
1.688e-06,16197,
1.689e-06,16413,
1.69e-06,16303,
1.691e-06,16477,
1.692e-06,16237,
1.693e-06,16270,
1.694e-06,16307,
1.695e-06,16092,
1.696e-06,16488,
1.697e-06,16450,
1.698e-06,16373,
1.699e-06,16305,
1.7e-06,16376,
1.701e-06,16463,
1.702e-06,16487,
1.703e-06,16219,
1.704e-06,16380,
1.705e-06,16216,
1.706e-06,16436,
1.707e-06,16346,
1.708e-06,16305,
1.709e-06,16238,
1.71e-06,16226,
1.711e-06,16271,
1.712e-06,16212,
1.713e-06,16302,
1.714e-06,16099,
1.715e-06,16285,
1.716e-06,16378,
1.717e-06,16280,
1.718e-06,16133,
1.719e-06,16472,
1.72e-06,16367,
1.721e-06,16392,
1.722e-06,16340,
1.723e-06,16291,
1.724e-06,16285,
1.725e-06,16306,
1.726e-06,16316,
1.727e-06,16198,
1.728e-06,16269,
1.729e-06,16502,
1.73e-06,15991,
1.731e-06,16180,
1.732e-06,16322,
1.733e-06,16284,
1.734e-06,16156,
1.735e-06,16381,
1.736e-06,16235,
1.737e-06,16273,
1.738e-06,16306,
1.739e-06,16469,
1.74e-06,16272,
1.741e-06,16531,
1.742e-06,16153,
1.743e-06,16281,
1.744e-06,16209,
1.745e-06,16343,
1.746e-06,16220,
1.747e-06,16303,
1.748e-06,16254,
1.749e-06,16301,
1.75e-06,16269,
1.751e-06,16148,
1.752e-06,16275,
1.753e-06,16330,
1.754e-06,16555,
1.755e-06,16538,
1.756e-06,16115,
1.757e-06,16147,
1.758e-06,16205,
1.759e-06,16164,
1.76e-06,16230,
1.761e-06,16427,
1.762e-06,16297,
1.763e-06,16396,
1.764e-06,16126,
1.765e-06,16430,
1.766e-06,16319,
1.767e-06,16345,
1.768e-06,16519,
1.769e-06,16576,
1.77e-06,16137,
1.771e-06,16668,
1.772e-06,16493,
1.773e-06,16478,
1.774e-06,16142,
1.775e-06,16320,
1.776e-06,16333,
1.777e-06,16449,
1.778e-06,16354,
1.779e-06,16159,
1.78e-06,16309,
1.781e-06,16138,
1.782e-06,16345,
1.783e-06,16201,
1.784e-06,16207,
1.785e-06,16444,
1.786e-06,16385,
1.787e-06,16171,
1.788e-06,16350,
1.789e-06,16308,
1.79e-06,16279,
1.791e-06,16451,
1.792e-06,16351,
1.793e-06,16111,
1.794e-06,16331,
1.795e-06,16106,
1.796e-06,16450,
1.797e-06,16337,
1.798e-06,16208,
1.799e-06,16289,
1.8e-06,16475,
1.801e-06,16169,
1.802e-06,16464,
1.803e-06,16486,
1.804e-06,16238,
1.805e-06,16388,
1.806e-06,16511,
1.807e-06,16184,
1.808e-06,16314,
1.809e-06,16277,
1.81e-06,16254,
1.811e-06,16493,
1.812e-06,16380,
1.813e-06,16082,
1.814e-06,16319,
1.815e-06,16418,
1.816e-06,16289,
1.817e-06,16201,
1.818e-06,16382,
1.819e-06,16407,
1.82e-06,16498,
1.821e-06,16003,
1.822e-06,16239,
1.823e-06,16248,
1.824e-06,16436,
1.825e-06,16237,
1.826e-06,16421,
1.827e-06,16729,
1.828e-06,16429,
1.829e-06,16322,
1.83e-06,16358,
1.831e-06,16506,
1.832e-06,16193,
1.833e-06,16383,
1.834e-06,16204,
1.835e-06,16290,
1.836e-06,16522,
1.837e-06,16354,
1.838e-06,16212,
1.839e-06,16365,
1.84e-06,16396,
1.841e-06,16368,
1.842e-06,16297,
1.843e-06,16451,
1.844e-06,16267,
1.845e-06,16145,
1.846e-06,16296,
1.847e-06,16266,
1.848e-06,16596,
1.849e-06,16471,
1.85e-06,16455,
1.851e-06,16345,
1.852e-06,16418,
1.853e-06,16243,
1.854e-06,16317,
1.855e-06,16203,
1.856e-06,16230,
1.857e-06,16368,
1.858e-06,16161,
1.859e-06,16260,
1.86e-06,16331,
1.861e-06,15975,
1.862e-06,16341,
1.863e-06,16163,
1.864e-06,16549,
1.865e-06,16260,
1.866e-06,16263,
1.867e-06,16445,
1.868e-06,16406,
1.869e-06,16284,
1.87e-06,16082,
1.871e-06,16349,
1.872e-06,16241,
1.873e-06,16606,
1.874e-06,16278,
1.875e-06,16634,
1.876e-06,16373,
1.877e-06,16609,
1.878e-06,16406,
1.879e-06,16258,
1.88e-06,16334,
1.881e-06,16289,
1.882e-06,16380,
1.883e-06,16379,
1.884e-06,16467,
1.885e-06,16263,
1.886e-06,16304,
1.887e-06,16522,
1.888e-06,16490,
1.889e-06,16521,
1.89e-06,16238,
1.891e-06,16337,
1.892e-06,16150,
1.893e-06,16254,
1.894e-06,16102,
1.895e-06,16130,
1.896e-06,16230,
1.897e-06,16244,
1.898e-06,16382,
1.899e-06,16260,
1.9e-06,16525,
1.901e-06,16357,
1.902e-06,16449,
1.903e-06,16308,
1.904e-06,16200,
1.905e-06,16496,
1.906e-06,16268,
1.907e-06,16276,
1.908e-06,16295,
1.909e-06,16094,
1.91e-06,16479,
1.911e-06,16396,
1.912e-06,16347,
1.913e-06,16073,
1.914e-06,16185,
1.915e-06,16126,
1.916e-06,16168,
1.917e-06,16330,
1.918e-06,16446,
1.919e-06,16399,
1.92e-06,16304,
1.921e-06,16445,
1.922e-06,16407,
1.923e-06,16482,
1.924e-06,16411,
1.925e-06,16130,
1.926e-06,16259,
1.927e-06,16406,
1.928e-06,16427,
1.929e-06,16382,
1.93e-06,16469,
1.931e-06,16456,
1.932e-06,16480,
1.933e-06,16375,
1.934e-06,16377,
1.935e-06,16198,
1.936e-06,16664,
1.937e-06,16156,
1.938e-06,16390,
1.939e-06,16086,
1.94e-06,16344,
1.941e-06,16567,
1.942e-06,16117,
1.943e-06,16335,
1.944e-06,16074,
1.945e-06,16299,
1.946e-06,16086,
1.947e-06,16161,
1.948e-06,16145,
1.949e-06,16453,
1.95e-06,16286,
1.951e-06,16529,
1.952e-06,16561,
1.953e-06,16391,
1.954e-06,16313,
1.955e-06,16417,
1.956e-06,16453,
1.957e-06,16358,
1.958e-06,16389,
1.959e-06,16299,
1.96e-06,16470,
1.961e-06,16228,
1.962e-06,16277,
1.963e-06,16147,
1.964e-06,16458,
1.965e-06,16492,
1.966e-06,16474,
1.967e-06,16404,
1.968e-06,16104,
1.969e-06,16349,
1.97e-06,16613,
1.971e-06,16146,
1.972e-06,16250,
1.973e-06,16163,
1.974e-06,16403,
1.975e-06,16451,
1.976e-06,16477,
1.977e-06,16297,
1.978e-06,16379,
1.979e-06,16505,
1.98e-06,16276,
1.981e-06,16345,
1.982e-06,16486,
1.983e-06,16442,
1.984e-06,16279,
1.985e-06,16311,
1.986e-06,16269,
1.987e-06,16324,
1.988e-06,16599,
1.989e-06,16473,
1.99e-06,16364,
1.991e-06,16473,
1.992e-06,16232,
1.993e-06,16478,
1.994e-06,16419,
1.995e-06,16471,
1.996e-06,16340,
1.997e-06,16224,
1.998e-06,16210,
1.999e-06,16300,
2e-06,16353,
2.001e-06,16388,
2.002e-06,16159,
2.003e-06,16321,
2.004e-06,16323,
2.005e-06,16333,
2.006e-06,16428,
2.007e-06,16590,
2.008e-06,16526,
2.009e-06,16412,
2.01e-06,16404,
2.011e-06,16344,
2.012e-06,16362,
2.013e-06,16437,
2.014e-06,16431,
2.015e-06,16263,
2.016e-06,16313,
2.017e-06,16235,
2.018e-06,16463,
2.019e-06,16335,
2.02e-06,16377,
2.021e-06,16537,
2.022e-06,16525,
2.023e-06,16115,
2.024e-06,16348,
2.025e-06,16525,
2.026e-06,16385,
2.027e-06,16676,
2.028e-06,16501,
2.029e-06,16363,
2.03e-06,16524,
2.031e-06,16511,
2.032e-06,16382,
2.033e-06,16379,
2.034e-06,16426,
2.035e-06,16584,
2.036e-06,16351,
2.037e-06,16302,
2.038e-06,16350,
2.039e-06,16424,
2.04e-06,16665,
2.041e-06,16093,
2.042e-06,16337,
2.043e-06,16424,
2.044e-06,16204,
2.045e-06,16449,
2.046e-06,16525,
2.047e-06,16204,
2.048e-06,16339,
2.049e-06,16451,
2.05e-06,16600,
2.051e-06,16276,
2.052e-06,16260,
2.053e-06,16565,
2.054e-06,16490,
2.055e-06,16257,
2.056e-06,16587,
2.057e-06,16600,
2.058e-06,16202,
2.059e-06,16260,
2.06e-06,16441,
2.061e-06,16130,
2.062e-06,16284,
2.063e-06,16293,
2.064e-06,16265,
2.065e-06,16433,
2.066e-06,16253,
2.067e-06,16280,
2.068e-06,16329,
2.069e-06,16248,
2.07e-06,16690,
2.071e-06,16474,
2.072e-06,16490,
2.073e-06,16396,
2.074e-06,16333,
2.075e-06,16676,
2.076e-06,16290,
2.077e-06,16327,
2.078e-06,16375,
2.079e-06,16513,
2.08e-06,16365,
2.081e-06,16351,
2.082e-06,16356,
2.083e-06,16361,
2.084e-06,16221,
2.085e-06,16332,
2.086e-06,16476,
2.087e-06,16385,
2.088e-06,16189,
2.089e-06,16492,
2.09e-06,16447,
2.091e-06,16397,
2.092e-06,16403,
2.093e-06,16492,
2.094e-06,16278,
2.095e-06,16410,
2.096e-06,16393,
2.097e-06,16515,
2.098e-06,16440,
2.099e-06,16352,
2.1e-06,16428,
2.101e-06,16293,
2.102e-06,16375,
2.103e-06,16582,
2.104e-06,16424,
2.105e-06,16522,
2.106e-06,16515,
2.107e-06,16561,
2.108e-06,16573,
2.109e-06,16808,
2.11e-06,16572,
2.111e-06,16283,
2.112e-06,16408,
2.113e-06,16344,
2.114e-06,16480,
2.115e-06,16523,
2.116e-06,16661,
2.117e-06,16242,
2.118e-06,16327,
2.119e-06,16495,
2.12e-06,16213,
2.121e-06,16334,
2.122e-06,16388,
2.123e-06,16282,
2.124e-06,16339,
2.125e-06,16491,
2.126e-06,16284,
2.127e-06,16385,
2.128e-06,16497,
2.129e-06,16573,
2.13e-06,16537,
2.131e-06,16591,
2.132e-06,16511,
2.133e-06,16328,
2.134e-06,16410,
2.135e-06,16337,
2.136e-06,16314,
2.137e-06,16298,
2.138e-06,16564,
2.139e-06,16272,
2.14e-06,16692,
2.141e-06,16259,
2.142e-06,16479,
2.143e-06,16447,
2.144e-06,16331,
2.145e-06,16286,
2.146e-06,16345,
2.147e-06,16501,
2.148e-06,16321,
2.149e-06,16283,
2.15e-06,16622,
2.151e-06,16540,
2.152e-06,16421,
2.153e-06,16195,
2.154e-06,16451,
2.155e-06,16487,
2.156e-06,16626,
2.157e-06,16853,
2.158e-06,16341,
2.159e-06,16353,
2.16e-06,16360,
2.161e-06,16512,
2.162e-06,16604,
2.163e-06,16512,
2.164e-06,16463,
2.165e-06,16156,
2.166e-06,16534,
2.167e-06,16439,
2.168e-06,16652,
2.169e-06,16344,
2.17e-06,16472,
2.171e-06,16287,
2.172e-06,16452,
2.173e-06,16678,
2.174e-06,16411,
2.175e-06,16503,
2.176e-06,16338,
2.177e-06,16407,
2.178e-06,16213,
2.179e-06,16557,
2.18e-06,16570,
2.181e-06,16270,
2.182e-06,16206,
2.183e-06,16302,
2.184e-06,16419,
2.185e-06,16465,
2.186e-06,16270,
2.187e-06,16360,
2.188e-06,16636,
2.189e-06,16343,
2.19e-06,16284,
2.191e-06,16622,
2.192e-06,16417,
2.193e-06,16444,
2.194e-06,16458,
2.195e-06,16355,
2.196e-06,16404,
2.197e-06,16481,
2.198e-06,16267,
2.199e-06,16371,
2.2e-06,16554,
2.201e-06,16601,
2.202e-06,16512,
2.203e-06,16320,
2.204e-06,16494,
2.205e-06,16257,
2.206e-06,16539,
2.207e-06,16493,
2.208e-06,16607,
2.209e-06,16398,
2.21e-06,16469,
2.211e-06,16428,
2.212e-06,16600,
2.213e-06,16548,
2.214e-06,16663,
2.215e-06,16433,
2.216e-06,16256,
2.217e-06,16484,
2.218e-06,16383,
2.219e-06,16448,
2.22e-06,16279,
2.221e-06,16511,
2.222e-06,16514,
2.223e-06,16703,
2.224e-06,16361,
2.225e-06,16315,
2.226e-06,16742,
2.227e-06,16252,
2.228e-06,16567,
2.229e-06,16192,
2.23e-06,16516,
2.231e-06,16396,
2.232e-06,16475,
2.233e-06,16516,
2.234e-06,16383,
2.235e-06,16382,
2.236e-06,16318,
2.237e-06,16402,
2.238e-06,16304,
2.239e-06,16365,
2.24e-06,16497,
2.241e-06,16518,
2.242e-06,16505,
2.243e-06,16549,
2.244e-06,16628,
2.245e-06,16270,
2.246e-06,16410,
2.247e-06,16463,
2.248e-06,16405,
2.249e-06,16278,
2.25e-06,16411,
2.251e-06,16457,
2.252e-06,16534,
2.253e-06,16271,
2.254e-06,16427,
2.255e-06,16686,
2.256e-06,16254,
2.257e-06,16611,
2.258e-06,16423,
2.259e-06,16547,
2.26e-06,16434,
2.261e-06,16320,
2.262e-06,16351,
2.263e-06,16555,
2.264e-06,16544,
2.265e-06,16590,
2.266e-06,16344,
2.267e-06,16560,
2.268e-06,16512,
2.269e-06,16312,
2.27e-06,16628,
2.271e-06,16333,
2.272e-06,16559,
2.273e-06,16390,
2.274e-06,16496,
2.275e-06,16444,
2.276e-06,16510,
2.277e-06,16464,
2.278e-06,16398,
2.279e-06,16653,
2.28e-06,16580,
2.281e-06,16289,
2.282e-06,16482,
2.283e-06,16640,
2.284e-06,16509,
2.285e-06,16545,
2.286e-06,16576,
2.287e-06,16445,
2.288e-06,16410,
2.289e-06,16224,
2.29e-06,16342,
2.291e-06,16207,
2.292e-06,16381,
2.293e-06,16288,
2.294e-06,16605,
2.295e-06,16291,
2.296e-06,16592,
2.297e-06,16505,
2.298e-06,16449,
2.299e-06,16465,
2.3e-06,16425,
2.301e-06,16631,
2.302e-06,16498,
2.303e-06,16612,
2.304e-06,16470,
2.305e-06,16354,
2.306e-06,16485,
2.307e-06,16598,
2.308e-06,16395,
2.309e-06,16500,
2.31e-06,16340,
2.311e-06,16437,
2.312e-06,16418,
2.313e-06,16396,
2.314e-06,16265,
2.315e-06,16382,
2.316e-06,16316,
2.317e-06,16258,
2.318e-06,16434,
2.319e-06,16421,
2.32e-06,16443,
2.321e-06,16397,
2.322e-06,16500,
2.323e-06,16623,
2.324e-06,16590,
2.325e-06,16324,
2.326e-06,16449,
2.327e-06,16390,
2.328e-06,16486,
2.329e-06,16500,
2.33e-06,16352,
2.331e-06,16473,
2.332e-06,16564,
2.333e-06,16556,
2.334e-06,16545,
2.335e-06,16447,
2.336e-06,16461,
2.337e-06,16419,
2.338e-06,16483,
2.339e-06,16431,
2.34e-06,16487,
2.341e-06,16425,
2.342e-06,16441,
2.343e-06,16293,
2.344e-06,16434,
2.345e-06,16303,
2.346e-06,16519,
2.347e-06,16259,
2.348e-06,16299,
2.349e-06,16577,
2.35e-06,16342,
2.351e-06,16449,
2.352e-06,16601,
2.353e-06,16482,
2.354e-06,16550,
2.355e-06,16334,
2.356e-06,16336,
2.357e-06,16391,
2.358e-06,16527,
2.359e-06,16407,
2.36e-06,16588,
2.361e-06,16531,
2.362e-06,16506,
2.363e-06,16333,
2.364e-06,16525,
2.365e-06,16553,
2.366e-06,16791,
2.367e-06,16574,
2.368e-06,16510,
2.369e-06,16347,
2.37e-06,16602,
2.371e-06,16458,
2.372e-06,16275,
2.373e-06,16527,
2.374e-06,16356,
2.375e-06,16492,
2.376e-06,16340,
2.377e-06,16439,
2.378e-06,16510,
2.379e-06,16484,
2.38e-06,16474,
2.381e-06,16528,
2.382e-06,16674,
2.383e-06,16552,
2.384e-06,16361,
2.385e-06,16368,
2.386e-06,16505,
2.387e-06,16352,
2.388e-06,16635,
2.389e-06,16411,
2.39e-06,16464,
2.391e-06,16516,
2.392e-06,16620,
2.393e-06,16559,
2.394e-06,16586,
2.395e-06,16722,
2.396e-06,16413,
2.397e-06,16457,
2.398e-06,16521,
2.399e-06,16648,
2.4e-06,16463,
2.401e-06,16260,
2.402e-06,16436,
2.403e-06,16549,
2.404e-06,16445,
2.405e-06,16522,
2.406e-06,16515,
2.407e-06,16564,
2.408e-06,16500,
2.409e-06,16346,
2.41e-06,16610,
2.411e-06,16549,
2.412e-06,16487,
2.413e-06,16401,
2.414e-06,16401,
2.415e-06,16161,
2.416e-06,16434,
2.417e-06,16286,
2.418e-06,16302,
2.419e-06,16552,
2.42e-06,16310,
2.421e-06,16729,
2.422e-06,16563,
2.423e-06,16346,
2.424e-06,16519,
2.425e-06,16424,
2.426e-06,16387,
2.427e-06,16311,
2.428e-06,16604,
2.429e-06,16515,
2.43e-06,16363,
2.431e-06,16624,
2.432e-06,16419,
2.433e-06,16525,
2.434e-06,16390,
2.435e-06,16417,
2.436e-06,16386,
2.437e-06,16497,
2.438e-06,16364,
2.439e-06,16359,
2.44e-06,16453,
2.441e-06,16501,
2.442e-06,16345,
2.443e-06,16339,
2.444e-06,16601,
2.445e-06,16583,
2.446e-06,16399,
2.447e-06,16365,
2.448e-06,16315,
2.449e-06,16549,
2.45e-06,16460,
2.451e-06,16554,
2.452e-06,16560,
2.453e-06,16408,
2.454e-06,16415,
2.455e-06,16673,
2.456e-06,16220,
2.457e-06,16533,
2.458e-06,16749,
2.459e-06,16261,
2.46e-06,16365,
2.461e-06,16422,
2.462e-06,16650,
2.463e-06,16789,
2.464e-06,16335,
2.465e-06,16497,
2.466e-06,16304,
2.467e-06,16565,
2.468e-06,16557,
2.469e-06,16489,
2.47e-06,16640,
2.471e-06,16577,
2.472e-06,16489,
2.473e-06,16532,
2.474e-06,16489,
2.475e-06,16315,
2.476e-06,16302,
2.477e-06,16756,
2.478e-06,16427,
2.479e-06,16571,
2.48e-06,16618,
2.481e-06,16574,
2.482e-06,16423,
2.483e-06,16231,
2.484e-06,16579,
2.485e-06,16553,
2.486e-06,16349,
2.487e-06,16600,
2.488e-06,16499,
2.489e-06,16416,
2.49e-06,16598,
2.491e-06,16291,
2.492e-06,16432,
2.493e-06,16677,
2.494e-06,16546,
2.495e-06,16223,
2.496e-06,16605,
2.497e-06,16627,
2.498e-06,16711,
2.499e-06,16566,
2.5e-06,16614,
2.501e-06,16353,
2.502e-06,16472,
2.503e-06,16527,
2.504e-06,16541,
2.505e-06,16415,
2.506e-06,16490,
2.507e-06,16701,
2.508e-06,16638,
2.509e-06,16693,
2.51e-06,16443,
2.511e-06,16470,
2.512e-06,16346,
2.513e-06,16772,
2.514e-06,16497,
2.515e-06,16552,
2.516e-06,16661,
2.517e-06,16672,
2.518e-06,16575,
2.519e-06,16496,
2.52e-06,16713,
2.521e-06,16599,
2.522e-06,16405,
2.523e-06,16419,
2.524e-06,16643,
2.525e-06,16447,
2.526e-06,16416,
2.527e-06,16536,
2.528e-06,16584,
2.529e-06,16666,
2.53e-06,16594,
2.531e-06,16627,
2.532e-06,16422,
2.533e-06,16448,
2.534e-06,16160,
2.535e-06,16486,
2.536e-06,16647,
2.537e-06,16375,
2.538e-06,16659,
2.539e-06,16585,
2.54e-06,16638,
2.541e-06,16277,
2.542e-06,16646,
2.543e-06,16621,
2.544e-06,16470,
2.545e-06,16412,
2.546e-06,16560,
2.547e-06,16580,
2.548e-06,16467,
2.549e-06,16530,
2.55e-06,16495,
2.551e-06,16245,
2.552e-06,16409,
2.553e-06,16515,
2.554e-06,16528,
2.555e-06,16553,
2.556e-06,16473,
2.557e-06,16524,
2.558e-06,16855,
2.559e-06,16470,
2.56e-06,16625,
2.561e-06,16458,
2.562e-06,16573,
2.563e-06,16544,
2.564e-06,16474,
2.565e-06,16625,
2.566e-06,16467,
2.567e-06,16441,
2.568e-06,16466,
2.569e-06,16765,
2.57e-06,16396,
2.571e-06,16401,
2.572e-06,16459,
2.573e-06,16674,
2.574e-06,16393,
2.575e-06,16472,
2.576e-06,16284,
2.577e-06,16437,
2.578e-06,16543,
2.579e-06,16505,
2.58e-06,16615,
2.581e-06,16319,
2.582e-06,16624,
2.583e-06,16660,
2.584e-06,16585,
2.585e-06,16542,
2.586e-06,16357,
2.587e-06,16438,
2.588e-06,16447,
2.589e-06,16424,
2.59e-06,16323,
2.591e-06,16592,
2.592e-06,16672,
2.593e-06,16546,
2.594e-06,16677,
2.595e-06,16520,
2.596e-06,16732,
2.597e-06,16443,
2.598e-06,16581,
2.599e-06,16619,
2.6e-06,16436,
2.601e-06,16361,
2.602e-06,16516,
2.603e-06,16430,
2.604e-06,16521,
2.605e-06,16436,
2.606e-06,16429,
2.607e-06,16476,
2.608e-06,16356,
2.609e-06,16546,
2.61e-06,16437,
2.611e-06,16521,
2.612e-06,16561,
2.613e-06,16626,
2.614e-06,16465,
2.615e-06,16454,
2.616e-06,16386,
2.617e-06,16470,
2.618e-06,16464,
2.619e-06,16559,
2.62e-06,16398,
2.621e-06,16311,
2.622e-06,16331,
2.623e-06,16732,
2.624e-06,16713,
2.625e-06,16470,
2.626e-06,16260,
2.627e-06,16615,
2.628e-06,16617,
2.629e-06,16707,
2.63e-06,16540,
2.631e-06,16521,
2.632e-06,16478,
2.633e-06,16463,
2.634e-06,16385,
2.635e-06,16570,
2.636e-06,16547,
2.637e-06,16688,
2.638e-06,16394,
2.639e-06,16474,
2.64e-06,16801,
2.641e-06,16721,
2.642e-06,16375,
2.643e-06,16423,
2.644e-06,16635,
2.645e-06,16481,
2.646e-06,16547,
2.647e-06,16439,
2.648e-06,16397,
2.649e-06,16315,
2.65e-06,16608,
2.651e-06,16658,
2.652e-06,16520,
2.653e-06,16452,
2.654e-06,16607,
2.655e-06,16419,
2.656e-06,16542,
2.657e-06,16498,
2.658e-06,16545,
2.659e-06,16312,
2.66e-06,16479,
2.661e-06,16478,
2.662e-06,16552,
2.663e-06,16796,
2.664e-06,16320,
2.665e-06,16520,
2.666e-06,16530,
2.667e-06,16323,
2.668e-06,16747,
2.669e-06,16470,
2.67e-06,16636,
2.671e-06,16625,
2.672e-06,16546,
2.673e-06,16691,
2.674e-06,16432,
2.675e-06,16263,
2.676e-06,16738,
2.677e-06,16387,
2.678e-06,16556,
2.679e-06,16576,
2.68e-06,16386,
2.681e-06,16551,
2.682e-06,16367,
2.683e-06,16626,
2.684e-06,16678,
2.685e-06,16448,
2.686e-06,16419,
2.687e-06,16454,
2.688e-06,16632,
2.689e-06,16584,
2.69e-06,16546,
2.691e-06,16577,
2.692e-06,16805,
2.693e-06,16449,
2.694e-06,16323,
2.695e-06,16584,
2.696e-06,16523,
2.697e-06,16365,
2.698e-06,16591,
2.699e-06,16347,
2.7e-06,16581,
2.701e-06,16621,
2.702e-06,16625,
2.703e-06,16625,
2.704e-06,16643,
2.705e-06,16530,
2.706e-06,16548,
2.707e-06,16661,
2.708e-06,16343,
2.709e-06,16460,
2.71e-06,16536,
2.711e-06,16239,
2.712e-06,16435,
2.713e-06,16488,
2.714e-06,16459,
2.715e-06,16623,
2.716e-06,16591,
2.717e-06,16628,
2.718e-06,16422,
2.719e-06,16411,
2.72e-06,16504,
2.721e-06,16821,
2.722e-06,16508,
2.723e-06,16351,
2.724e-06,16482,
2.725e-06,16494,
2.726e-06,16441,
2.727e-06,16286,
2.728e-06,16469,
2.729e-06,16635,
2.73e-06,16410,
2.731e-06,16341,
2.732e-06,16693,
2.733e-06,16938,
2.734e-06,16506,
2.735e-06,16403,
2.736e-06,16626,
2.737e-06,16904,
2.738e-06,16528,
2.739e-06,16482,
2.74e-06,16436,
2.741e-06,16428,
2.742e-06,16443,
2.743e-06,16578,
2.744e-06,16522,
2.745e-06,16344,
2.746e-06,16491,
2.747e-06,16542,
2.748e-06,16280,
2.749e-06,16461,
2.75e-06,16550,
2.751e-06,16592,
2.752e-06,16745,
2.753e-06,16608,
2.754e-06,16402,
2.755e-06,16498,
2.756e-06,16595,
2.757e-06,16619,
2.758e-06,16751,
2.759e-06,16515,
2.76e-06,16370,
2.761e-06,16464,
2.762e-06,16585,
2.763e-06,16548,
2.764e-06,16372,
2.765e-06,16628,
2.766e-06,16265,
2.767e-06,16448,
2.768e-06,16287,
2.769e-06,16441,
2.77e-06,16576,
2.771e-06,16271,
2.772e-06,16608,
2.773e-06,16808,
2.774e-06,16626,
2.775e-06,16501,
2.776e-06,16517,
2.777e-06,16290,
2.778e-06,16539,
2.779e-06,16475,
2.78e-06,16558,
2.781e-06,16500,
2.782e-06,16629,
2.783e-06,16360,
2.784e-06,16676,
2.785e-06,16893,
2.786e-06,16565,
2.787e-06,16436,
2.788e-06,16649,
2.789e-06,16497,
2.79e-06,16304,
2.791e-06,16423,
2.792e-06,16702,
2.793e-06,16511,
2.794e-06,16560,
2.795e-06,16500,
2.796e-06,16555,
2.797e-06,16545,
2.798e-06,16433,
2.799e-06,16591,
2.8e-06,16587,
2.801e-06,16530,
2.802e-06,16451,
2.803e-06,16743,
2.804e-06,16526,
2.805e-06,16534,
2.806e-06,16491,
2.807e-06,16623,
2.808e-06,16425,
2.809e-06,16678,
2.81e-06,16714,
2.811e-06,16478,
2.812e-06,16634,
2.813e-06,16727,
2.814e-06,16734,
2.815e-06,16708,
2.816e-06,16687,
2.817e-06,16574,
2.818e-06,16721,
2.819e-06,16315,
2.82e-06,16765,
2.821e-06,16524,
2.822e-06,16492,
2.823e-06,16472,
2.824e-06,16765,
2.825e-06,16475,
2.826e-06,16495,
2.827e-06,16390,
2.828e-06,16451,
2.829e-06,16578,
2.83e-06,16611,
2.831e-06,16748,
2.832e-06,16366,
2.833e-06,16625,
2.834e-06,16280,
2.835e-06,16431,
2.836e-06,16317,
2.837e-06,16590,
2.838e-06,16470,
2.839e-06,16752,
2.84e-06,16477,
2.841e-06,16520,
2.842e-06,16684,
2.843e-06,16329,
2.844e-06,16470,
2.845e-06,16633,
2.846e-06,16385,
2.847e-06,16557,
2.848e-06,16821,
2.849e-06,16466,
2.85e-06,16701,
2.851e-06,16506,
2.852e-06,16492,
2.853e-06,16749,
2.854e-06,16459,
2.855e-06,16565,
2.856e-06,16569,
2.857e-06,16601,
2.858e-06,16694,
2.859e-06,16431,
2.86e-06,16521,
2.861e-06,16484,
2.862e-06,16503,
2.863e-06,16588,
2.864e-06,16613,
2.865e-06,16368,
2.866e-06,16596,
2.867e-06,16366,
2.868e-06,16839,
2.869e-06,16554,
2.87e-06,16384,
2.871e-06,16419,
2.872e-06,16570,
2.873e-06,16420,
2.874e-06,16562,
2.875e-06,16497,
2.876e-06,16559,
2.877e-06,16765,
2.878e-06,16818,
2.879e-06,16517,
2.88e-06,16710,
2.881e-06,16469,
2.882e-06,16468,
2.883e-06,16466,
2.884e-06,16639,
2.885e-06,16451,
2.886e-06,16929,
2.887e-06,16490,
2.888e-06,16347,
2.889e-06,16529,
2.89e-06,16574,
2.891e-06,16520,
2.892e-06,16419,
2.893e-06,16501,
2.894e-06,16776,
2.895e-06,16618,
2.896e-06,16578,
2.897e-06,16488,
2.898e-06,16718,
2.899e-06,16490,
2.9e-06,16502,
2.901e-06,16724,
2.902e-06,16453,
2.903e-06,16572,
2.904e-06,16660,
2.905e-06,16461,
2.906e-06,16644,
2.907e-06,16415,
2.908e-06,16494,
2.909e-06,16539,
2.91e-06,16467,
2.911e-06,16660,
2.912e-06,16704,
2.913e-06,16712,
2.914e-06,16730,
2.915e-06,16523,
2.916e-06,16420,
2.917e-06,16337,
2.918e-06,16396,
2.919e-06,16530,
2.92e-06,16648,
2.921e-06,16554,
2.922e-06,16624,
2.923e-06,16551,
2.924e-06,16530,
2.925e-06,16436,
2.926e-06,16319,
2.927e-06,16555,
2.928e-06,16401,
2.929e-06,16251,
2.93e-06,16651,
2.931e-06,16665,
2.932e-06,16438,
2.933e-06,16700,
2.934e-06,16439,
2.935e-06,16407,
2.936e-06,16698,
2.937e-06,16473,
2.938e-06,16519,
2.939e-06,16425,
2.94e-06,16825,
2.941e-06,16518,
2.942e-06,16688,
2.943e-06,16520,
2.944e-06,16284,
2.945e-06,16609,
2.946e-06,16551,
2.947e-06,16683,
2.948e-06,16422,
2.949e-06,16867,
2.95e-06,16660,
2.951e-06,16466,
2.952e-06,16395,
2.953e-06,16444,
2.954e-06,16576,
2.955e-06,16546,
2.956e-06,16389,
2.957e-06,16349,
2.958e-06,16716,
2.959e-06,16492,
2.96e-06,16343,
2.961e-06,16467,
2.962e-06,16574,
2.963e-06,16466,
2.964e-06,16565,
2.965e-06,16761,
2.966e-06,16641,
2.967e-06,16668,
2.968e-06,16360,
2.969e-06,16478,
2.97e-06,16819,
2.971e-06,16528,
2.972e-06,16771,
2.973e-06,16537,
2.974e-06,16730,
2.975e-06,16717,
2.976e-06,16597,
2.977e-06,16427,
2.978e-06,16516,
2.979e-06,16563,
2.98e-06,16565,
2.981e-06,16439,
2.982e-06,16530,
2.983e-06,16563,
2.984e-06,16676,
2.985e-06,16545,
2.986e-06,16499,
2.987e-06,16592,
2.988e-06,16597,
2.989e-06,16394,
2.99e-06,16473,
2.991e-06,16674,
2.992e-06,16497,
2.993e-06,16490,
2.994e-06,16396,
2.995e-06,16469,
2.996e-06,16454,
2.997e-06,16466,
2.998e-06,16435,
2.999e-06,16380,
3e-06,16690,
3.001e-06,16335,
3.002e-06,16482,
3.003e-06,16562,
3.004e-06,16458,
3.005e-06,16450,
3.006e-06,16579,
3.007e-06,16475,
3.008e-06,16751,
3.009e-06,16498,
3.01e-06,16454,
3.011e-06,16518,
3.012e-06,16481,
3.013e-06,16254,
3.014e-06,16534,
3.015e-06,16621,
3.016e-06,16550,
3.017e-06,16710,
3.018e-06,16570,
3.019e-06,16693,
3.02e-06,16473,
3.021e-06,16741,
3.022e-06,16677,
3.023e-06,16387,
3.024e-06,16449,
3.025e-06,16482,
3.026e-06,16375,
3.027e-06,16648,
3.028e-06,16474,
3.029e-06,16265,
3.03e-06,16442,
3.031e-06,16333,
3.032e-06,16500,
3.033e-06,16736,
3.034e-06,16615,
3.035e-06,16498,
3.036e-06,16366,
3.037e-06,16568,
3.038e-06,16366,
3.039e-06,16501,
3.04e-06,16512,
3.041e-06,16697,
3.042e-06,16360,
3.043e-06,16577,
3.044e-06,16625,
3.045e-06,16749,
3.046e-06,16454,
3.047e-06,16597,
3.048e-06,16714,
3.049e-06,16588,
3.05e-06,16389,
3.051e-06,16362,
3.052e-06,16717,
3.053e-06,16609,
3.054e-06,16176,
3.055e-06,16612,
3.056e-06,16394,
3.057e-06,16523,
3.058e-06,16340,
3.059e-06,16398,
3.06e-06,16524,
3.061e-06,16471,
3.062e-06,16550,
3.063e-06,16494,
3.064e-06,16728,
3.065e-06,16501,
3.066e-06,16464,
3.067e-06,16753,
3.068e-06,16573,
3.069e-06,16557,
3.07e-06,16722,
3.071e-06,16758,
3.072e-06,16411,
3.073e-06,16518,
3.074e-06,16854,
3.075e-06,16485,
3.076e-06,16667,
3.077e-06,16406,
3.078e-06,16562,
3.079e-06,16656,
3.08e-06,16693,
3.081e-06,16525,
3.082e-06,16361,
3.083e-06,16612,
3.084e-06,16691,
3.085e-06,16703,
3.086e-06,16626,
3.087e-06,16579,
3.088e-06,16534,
3.089e-06,16619,
3.09e-06,16599,
3.091e-06,16733,
3.092e-06,16619,
3.093e-06,16563,
3.094e-06,16547,
3.095e-06,16321,
3.096e-06,16550,
3.097e-06,16547,
3.098e-06,16546,
3.099e-06,16679,
3.1e-06,16580,
3.101e-06,16621,
3.102e-06,16563,
3.103e-06,16588,
3.104e-06,16707,
3.105e-06,16478,
3.106e-06,16545,
3.107e-06,16370,
3.108e-06,16752,
3.109e-06,16540,
3.11e-06,16701,
3.111e-06,16487,
3.112e-06,16873,
3.113e-06,16599,
3.114e-06,16617,
3.115e-06,16564,
3.116e-06,16687,
3.117e-06,16662,
3.118e-06,16650,
3.119e-06,16691,
3.12e-06,16823,
3.121e-06,16527,
3.122e-06,16445,
3.123e-06,16462,
3.124e-06,16516,
3.125e-06,16748,
3.126e-06,16704,
3.127e-06,16701,
3.128e-06,16655,
3.129e-06,16518,
3.13e-06,16347,
3.131e-06,16619,
3.132e-06,16628,
3.133e-06,16540,
3.134e-06,16709,
3.135e-06,16764,
3.136e-06,16568,
3.137e-06,16523,
3.138e-06,16749,
3.139e-06,16502,
3.14e-06,16496,
3.141e-06,16487,
3.142e-06,16670,
3.143e-06,16505,
3.144e-06,16586,
3.145e-06,16512,
3.146e-06,16450,
3.147e-06,16590,
3.148e-06,16536,
3.149e-06,16331,
3.15e-06,16707,
3.151e-06,16602,
3.152e-06,16468,
3.153e-06,16364,
3.154e-06,16733,
3.155e-06,16592,
3.156e-06,16867,
3.157e-06,16557,
3.158e-06,16564,
3.159e-06,16583,
3.16e-06,16748,
3.161e-06,16533,
3.162e-06,16643,
3.163e-06,16597,
3.164e-06,16460,
3.165e-06,16707,
3.166e-06,16466,
3.167e-06,16161,
3.168e-06,16504,
3.169e-06,16450,
3.17e-06,16558,
3.171e-06,16496,
3.172e-06,16593,
3.173e-06,16764,
3.174e-06,16458,
3.175e-06,16774,
3.176e-06,16485,
3.177e-06,16628,
3.178e-06,16676,
3.179e-06,16557,
3.18e-06,16416,
3.181e-06,16450,
3.182e-06,16557,
3.183e-06,16569,
3.184e-06,16834,
3.185e-06,16550,
3.186e-06,16563,
3.187e-06,16747,
3.188e-06,16442,
3.189e-06,16533,
3.19e-06,16526,
3.191e-06,16290,
3.192e-06,16487,
3.193e-06,16470,
3.194e-06,16531,
3.195e-06,16705,
3.196e-06,16562,
3.197e-06,16642,
3.198e-06,16698,
3.199e-06,16888,
3.2e-06,16619,
3.201e-06,16500,
3.202e-06,16328,
3.203e-06,16588,
3.204e-06,16577,
3.205e-06,16454,
3.206e-06,16573,
3.207e-06,16568,
3.208e-06,16428,
3.209e-06,16417,
3.21e-06,16843,
3.211e-06,16552,
3.212e-06,16619,
3.213e-06,16551,
3.214e-06,16728,
3.215e-06,16352,
3.216e-06,16285,
3.217e-06,16460,
3.218e-06,16667,
3.219e-06,16463,
3.22e-06,16633,
3.221e-06,16617,
3.222e-06,16442,
3.223e-06,16585,
3.224e-06,16655,
3.225e-06,16687,
3.226e-06,16724,
3.227e-06,16249,
3.228e-06,16632,
3.229e-06,16552,
3.23e-06,16705,
3.231e-06,16601,
3.232e-06,16524,
3.233e-06,16470,
3.234e-06,16418,
3.235e-06,16547,
3.236e-06,16542,
3.237e-06,16639,
3.238e-06,16721,
3.239e-06,16470,
3.24e-06,16261,
3.241e-06,16444,
3.242e-06,16610,
3.243e-06,16427,
3.244e-06,16593,
3.245e-06,16734,
3.246e-06,16422,
3.247e-06,16521,
3.248e-06,16490,
3.249e-06,16458,
3.25e-06,16536,
3.251e-06,16698,
3.252e-06,16471,
3.253e-06,16684,
3.254e-06,16538,
3.255e-06,16431,
3.256e-06,16787,
3.257e-06,16408,
3.258e-06,16640,
3.259e-06,16417,
3.26e-06,16465,
3.261e-06,16405,
3.262e-06,16726,
3.263e-06,16307,
3.264e-06,16778,
3.265e-06,16616,
3.266e-06,16488,
3.267e-06,16701,
3.268e-06,16666,
3.269e-06,16610,
3.27e-06,16575,
3.271e-06,16771,
3.272e-06,16516,
3.273e-06,16507,
3.274e-06,16715,
3.275e-06,16624,
3.276e-06,16530,
3.277e-06,16548,
3.278e-06,16736,
3.279e-06,16730,
3.28e-06,16743,
3.281e-06,16726,
3.282e-06,16429,
3.283e-06,16458,
3.284e-06,16634,
3.285e-06,16636,
3.286e-06,16618,
3.287e-06,16455,
3.288e-06,16841,
3.289e-06,16620,
3.29e-06,16582,
3.291e-06,16609,
3.292e-06,16732,
3.293e-06,16933,
3.294e-06,16486,
3.295e-06,16534,
3.296e-06,16649,
3.297e-06,16364,
3.298e-06,16521,
3.299e-06,16675,
3.3e-06,16553,
3.301e-06,16581,
3.302e-06,16403,
3.303e-06,16818,
3.304e-06,16715,
3.305e-06,16593,
3.306e-06,16604,
3.307e-06,16408,
3.308e-06,16708,
3.309e-06,16653,
3.31e-06,16654,
3.311e-06,16654,
3.312e-06,16619,
3.313e-06,16675,
3.314e-06,16292,
3.315e-06,16534,
3.316e-06,16498,
3.317e-06,16581,
3.318e-06,16583,
3.319e-06,16559,
3.32e-06,16572,
3.321e-06,16461,
3.322e-06,16817,
3.323e-06,16517,
3.324e-06,16363,
3.325e-06,16687,
3.326e-06,16556,
3.327e-06,16490,
3.328e-06,16722,
3.329e-06,16391,
3.33e-06,16455,
3.331e-06,16451,
3.332e-06,16635,
3.333e-06,16453,
3.334e-06,16526,
3.335e-06,16577,
3.336e-06,16639,
3.337e-06,16597,
3.338e-06,16600,
3.339e-06,16519,
3.34e-06,16450,
3.341e-06,16489,
3.342e-06,16555,
3.343e-06,16466,
3.344e-06,16797,
3.345e-06,16388,
3.346e-06,16607,
3.347e-06,16698,
3.348e-06,16668,
3.349e-06,16737,
3.35e-06,16622,
3.351e-06,16427,
3.352e-06,16469,
3.353e-06,16693,
3.354e-06,16489,
3.355e-06,16589,
3.356e-06,16500,
3.357e-06,16532,
3.358e-06,16589,
3.359e-06,16554,
3.36e-06,16679,
3.361e-06,16680,
3.362e-06,16654,
3.363e-06,16664,
3.364e-06,16564,
3.365e-06,16593,
3.366e-06,16503,
3.367e-06,16341,
3.368e-06,16699,
3.369e-06,16696,
3.37e-06,16719,
3.371e-06,16654,
3.372e-06,16538,
3.373e-06,16408,
3.374e-06,16676,
3.375e-06,16594,
3.376e-06,16556,
3.377e-06,16498,
3.378e-06,16509,
3.379e-06,16493,
3.38e-06,16705,
3.381e-06,16582,
3.382e-06,16626,
3.383e-06,16605,
3.384e-06,16557,
3.385e-06,16684,
3.386e-06,16666,
3.387e-06,16370,
3.388e-06,16583,
3.389e-06,16577,
3.39e-06,16662,
3.391e-06,16545,
3.392e-06,16621,
3.393e-06,16773,
3.394e-06,16650,
3.395e-06,16658,
3.396e-06,16479,
3.397e-06,16561,
3.398e-06,16688,
3.399e-06,16741,
3.4e-06,16456,
3.401e-06,16649,
3.402e-06,16808,
3.403e-06,16543,
3.404e-06,16618,
3.405e-06,16609,
3.406e-06,16829,
3.407e-06,16628,
3.408e-06,16652,
3.409e-06,16733,
3.41e-06,16581,
3.411e-06,16647,
3.412e-06,16780,
3.413e-06,16924,
3.414e-06,16393,
3.415e-06,16662,
3.416e-06,16543,
3.417e-06,16574,
3.418e-06,16641,
3.419e-06,16542,
3.42e-06,16400,
3.421e-06,16635,
3.422e-06,16743,
3.423e-06,16634,
3.424e-06,16391,
3.425e-06,16542,
3.426e-06,16477,
3.427e-06,16506,
3.428e-06,16696,
3.429e-06,16545,
3.43e-06,16802,
3.431e-06,16710,
3.432e-06,16678,
3.433e-06,16724,
3.434e-06,16345,
3.435e-06,16880,
3.436e-06,16499,
3.437e-06,16316,
3.438e-06,16502,
3.439e-06,16730,
3.44e-06,16491,
3.441e-06,16567,
3.442e-06,16600,
3.443e-06,16541,
3.444e-06,16855,
3.445e-06,16640,
3.446e-06,16495,
3.447e-06,16627,
3.448e-06,16641,
3.449e-06,16624,
3.45e-06,16519,
3.451e-06,16686,
3.452e-06,16549,
3.453e-06,16598,
3.454e-06,16477,
3.455e-06,16539,
3.456e-06,16583,
3.457e-06,16632,
3.458e-06,16647,
3.459e-06,16477,
3.46e-06,16687,
3.461e-06,16496,
3.462e-06,16822,
3.463e-06,16335,
3.464e-06,16202,
3.465e-06,16567,
3.466e-06,16579,
3.467e-06,16556,
3.468e-06,16598,
3.469e-06,16705,
3.47e-06,16468,
3.471e-06,16577,
3.472e-06,16562,
3.473e-06,16737,
3.474e-06,16716,
3.475e-06,16670,
3.476e-06,16599,
3.477e-06,16528,
3.478e-06,16762,
3.479e-06,16492,
3.48e-06,16447,
3.481e-06,16481,
3.482e-06,16713,
3.483e-06,16746,
3.484e-06,16622,
3.485e-06,16509,
3.486e-06,16545,
3.487e-06,16772,
3.488e-06,16548,
3.489e-06,16607,
3.49e-06,16470,
3.491e-06,16465,
3.492e-06,16735,
3.493e-06,16549,
3.494e-06,16493,
3.495e-06,16557,
3.496e-06,16667,
3.497e-06,16445,
3.498e-06,16284,
3.499e-06,16906,
3.5e-06,16622,
3.501e-06,16733,
3.502e-06,16464,
3.503e-06,16533,
3.504e-06,16708,
3.505e-06,16453,
3.506e-06,16480,
3.507e-06,16486,
3.508e-06,16570,
3.509e-06,16524,
3.51e-06,16515,
3.511e-06,16537,
3.512e-06,16829,
3.513e-06,16633,
3.514e-06,16638,
3.515e-06,16599,
3.516e-06,16519,
3.517e-06,16716,
3.518e-06,16419,
3.519e-06,16668,
3.52e-06,16670,
3.521e-06,16445,
3.522e-06,16707,
3.523e-06,16605,
3.524e-06,16759,
3.525e-06,16584,
3.526e-06,16586,
3.527e-06,16587,
3.528e-06,16613,
3.529e-06,16725,
3.53e-06,16477,
3.531e-06,16718,
3.532e-06,16649,
3.533e-06,16537,
3.534e-06,16596,
3.535e-06,16491,
3.536e-06,16753,
3.537e-06,16777,
3.538e-06,16621,
3.539e-06,16672,
3.54e-06,16462,
3.541e-06,16543,
3.542e-06,16401,
3.543e-06,16601,
3.544e-06,16550,
3.545e-06,16678,
3.546e-06,16373,
3.547e-06,16667,
3.548e-06,16497,
3.549e-06,16663,
3.55e-06,16433,
3.551e-06,16603,
3.552e-06,16650,
3.553e-06,16866,
3.554e-06,16483,
3.555e-06,16697,
3.556e-06,16643,
3.557e-06,16643,
3.558e-06,16414,
3.559e-06,16342,
3.56e-06,16545,
3.561e-06,16321,
3.562e-06,16578,
3.563e-06,16549,
3.564e-06,16683,
3.565e-06,16486,
3.566e-06,16863,
3.567e-06,16523,
3.568e-06,16586,
3.569e-06,16384,
3.57e-06,16752,
3.571e-06,16601,
3.572e-06,16593,
3.573e-06,16698,
3.574e-06,16420,
3.575e-06,16796,
3.576e-06,16825,
3.577e-06,16351,
3.578e-06,16676,
3.579e-06,16763,
3.58e-06,16517,
3.581e-06,16699,
3.582e-06,17011,
3.583e-06,16564,
3.584e-06,16615,
3.585e-06,16489,
3.586e-06,16398,
3.587e-06,16801,
3.588e-06,16411,
3.589e-06,16546,
3.59e-06,16554,
3.591e-06,16600,
3.592e-06,16758,
3.593e-06,16611,
3.594e-06,16832,
3.595e-06,16522,
3.596e-06,16630,
3.597e-06,16574,
3.598e-06,16391,
3.599e-06,16285,
3.6e-06,16421,
3.601e-06,16708,
3.602e-06,16495,
3.603e-06,16563,
3.604e-06,16746,
3.605e-06,16692,
3.606e-06,16642,
3.607e-06,16668,
3.608e-06,16630,
3.609e-06,16725,
3.61e-06,16421,
3.611e-06,16624,
3.612e-06,16474,
3.613e-06,16320,
3.614e-06,16652,
3.615e-06,16661,
3.616e-06,16690,
3.617e-06,16743,
3.618e-06,16568,
3.619e-06,16667,
3.62e-06,16555,
3.621e-06,16587,
3.622e-06,16696,
3.623e-06,16739,
3.624e-06,16818,
3.625e-06,16599,
3.626e-06,16365,
3.627e-06,16781,
3.628e-06,16676,
3.629e-06,16610,
3.63e-06,16679,
3.631e-06,16507,
3.632e-06,16426,
3.633e-06,16619,
3.634e-06,16734,
3.635e-06,16516,
3.636e-06,16948,
3.637e-06,16574,
3.638e-06,16550,
3.639e-06,16610,
3.64e-06,16595,
3.641e-06,16606,
3.642e-06,16608,
3.643e-06,16634,
3.644e-06,16578,
3.645e-06,16810,
3.646e-06,16739,
3.647e-06,16495,
3.648e-06,16557,
3.649e-06,16806,
3.65e-06,16836,
3.651e-06,16487,
3.652e-06,16529,
3.653e-06,16340,
3.654e-06,16419,
3.655e-06,16776,
3.656e-06,16752,
3.657e-06,16866,
3.658e-06,16616,
3.659e-06,16550,
3.66e-06,16548,
3.661e-06,16778,
3.662e-06,16730,
3.663e-06,16856,
3.664e-06,16619,
3.665e-06,16816,
3.666e-06,16664,
3.667e-06,16600,
3.668e-06,16526,
3.669e-06,16741,
3.67e-06,16479,
3.671e-06,16691,
3.672e-06,16685,
3.673e-06,16853,
3.674e-06,16700,
3.675e-06,16439,
3.676e-06,16566,
3.677e-06,16452,
3.678e-06,16508,
3.679e-06,16544,
3.68e-06,16573,
3.681e-06,16657,
3.682e-06,16488,
3.683e-06,16587,
3.684e-06,16594,
3.685e-06,16457,
3.686e-06,16682,
3.687e-06,16514,
3.688e-06,16909,
3.689e-06,16395,
3.69e-06,16799,
3.691e-06,16787,
3.692e-06,16906,
3.693e-06,16763,
3.694e-06,16475,
3.695e-06,16537,
3.696e-06,16546,
3.697e-06,16513,
3.698e-06,16637,
3.699e-06,16410,
3.7e-06,16797,
3.701e-06,16565,
3.702e-06,16593,
3.703e-06,16570,
3.704e-06,16543,
3.705e-06,16739,
3.706e-06,17004,
3.707e-06,16536,
3.708e-06,16436,
3.709e-06,16687,
3.71e-06,16584,
3.711e-06,16545,
3.712e-06,16455,
3.713e-06,16569,
3.714e-06,16615,
3.715e-06,16637,
3.716e-06,16795,
3.717e-06,16570,
3.718e-06,16539,
3.719e-06,16568,
3.72e-06,16616,
3.721e-06,16463,
3.722e-06,16779,
3.723e-06,16644,
3.724e-06,16621,
3.725e-06,16937,
3.726e-06,16687,
3.727e-06,16312,
3.728e-06,16434,
3.729e-06,16679,
3.73e-06,16537,
3.731e-06,16743,
3.732e-06,16372,
3.733e-06,16740,
3.734e-06,16430,
3.735e-06,16541,
3.736e-06,16887,
3.737e-06,16442,
3.738e-06,16541,
3.739e-06,16622,
3.74e-06,16637,
3.741e-06,16605,
3.742e-06,16748,
3.743e-06,16599,
3.744e-06,16748,
3.745e-06,16808,
3.746e-06,16637,
3.747e-06,16652,
3.748e-06,16440,
3.749e-06,16764,
3.75e-06,16903,
3.751e-06,16716,
3.752e-06,16633,
3.753e-06,16754,
3.754e-06,16536,
3.755e-06,16856,
3.756e-06,16867,
3.757e-06,16807,
3.758e-06,16795,
3.759e-06,16566,
3.76e-06,16674,
3.761e-06,16521,
3.762e-06,16713,
3.763e-06,16624,
3.764e-06,16742,
3.765e-06,16472,
3.766e-06,16647,
3.767e-06,16810,
3.768e-06,16663,
3.769e-06,16448,
3.77e-06,16812,
3.771e-06,16533,
3.772e-06,16564,
3.773e-06,16791,
3.774e-06,16921,
3.775e-06,16424,
3.776e-06,16599,
3.777e-06,16749,
3.778e-06,16693,
3.779e-06,16714,
3.78e-06,16660,
3.781e-06,16641,
3.782e-06,16725,
3.783e-06,16595,
3.784e-06,16497,
3.785e-06,16594,
3.786e-06,16549,
3.787e-06,16668,
3.788e-06,16615,
3.789e-06,16676,
3.79e-06,16488,
3.791e-06,16424,
3.792e-06,17019,
3.793e-06,16610,
3.794e-06,16725,
3.795e-06,16733,
3.796e-06,16613,
3.797e-06,16652,
3.798e-06,16492,
3.799e-06,16612,
3.8e-06,16598,
3.801e-06,16531,
3.802e-06,16506,
3.803e-06,16652,
3.804e-06,16717,
3.805e-06,16804,
3.806e-06,16571,
3.807e-06,16885,
3.808e-06,16446,
3.809e-06,16557,
3.81e-06,16674,
3.811e-06,16408,
3.812e-06,16281,
3.813e-06,16593,
3.814e-06,16997,
3.815e-06,16706,
3.816e-06,16505,
3.817e-06,16508,
3.818e-06,16563,
3.819e-06,16620,
3.82e-06,16679,
3.821e-06,16543,
3.822e-06,16543,
3.823e-06,16545,
3.824e-06,16858,
3.825e-06,16692,
3.826e-06,16545,
3.827e-06,16725,
3.828e-06,16747,
3.829e-06,16721,
3.83e-06,16617,
3.831e-06,16687,
3.832e-06,16702,
3.833e-06,16413,
3.834e-06,16614,
3.835e-06,16690,
3.836e-06,16469,
3.837e-06,16640,
3.838e-06,16624,
3.839e-06,16702,
3.84e-06,16744,
3.841e-06,16628,
3.842e-06,16782,
3.843e-06,16694,
3.844e-06,16685,
3.845e-06,16566,
3.846e-06,16746,
3.847e-06,16633,
3.848e-06,16630,
3.849e-06,16580,
3.85e-06,16489,
3.851e-06,16478,
3.852e-06,16649,
3.853e-06,16692,
3.854e-06,16583,
3.855e-06,16460,
3.856e-06,16529,
3.857e-06,16561,
3.858e-06,16379,
3.859e-06,16680,
3.86e-06,16914,
3.861e-06,16496,
3.862e-06,16794,
3.863e-06,16751,
3.864e-06,16690,
3.865e-06,16472,
3.866e-06,16692,
3.867e-06,16573,
3.868e-06,16716,
3.869e-06,16636,
3.87e-06,16396,
3.871e-06,16780,
3.872e-06,16613,
3.873e-06,16611,
3.874e-06,16586,
3.875e-06,16732,
3.876e-06,16662,
3.877e-06,16546,
3.878e-06,16495,
3.879e-06,16469,
3.88e-06,16606,
3.881e-06,16803,
3.882e-06,16511,
3.883e-06,16490,
3.884e-06,16530,
3.885e-06,16759,
3.886e-06,16865,
3.887e-06,16606,
3.888e-06,16581,
3.889e-06,16741,
3.89e-06,16654,
3.891e-06,16606,
3.892e-06,16663,
3.893e-06,16672,
3.894e-06,16629,
3.895e-06,16408,
3.896e-06,16735,
3.897e-06,16926,
3.898e-06,16404,
3.899e-06,16442,
3.9e-06,16627,
3.901e-06,16610,
3.902e-06,16460,
3.903e-06,16776,
3.904e-06,16692,
3.905e-06,16731,
3.906e-06,16598,
3.907e-06,16676,
3.908e-06,16630,
3.909e-06,16455,
3.91e-06,16677,
3.911e-06,16407,
3.912e-06,16711,
3.913e-06,16585,
3.914e-06,16507,
3.915e-06,16517,
3.916e-06,16333,
3.917e-06,16644,
3.918e-06,16388,
3.919e-06,16625,
3.92e-06,16795,
3.921e-06,16379,
3.922e-06,16632,
3.923e-06,16605,
3.924e-06,16787,
3.925e-06,16547,
3.926e-06,16636,
3.927e-06,16707,
3.928e-06,16853,
3.929e-06,16463,
3.93e-06,16825,
3.931e-06,16776,
3.932e-06,16701,
3.933e-06,16483,
3.934e-06,16771,
3.935e-06,16482,
3.936e-06,16703,
3.937e-06,16712,
3.938e-06,16766,
3.939e-06,16511,
3.94e-06,16723,
3.941e-06,16523,
3.942e-06,16703,
3.943e-06,16933,
3.944e-06,16639,
3.945e-06,16577,
3.946e-06,16666,
3.947e-06,16638,
3.948e-06,16686,
3.949e-06,16378,
3.95e-06,16724,
3.951e-06,16581,
3.952e-06,16608,
3.953e-06,16408,
3.954e-06,16477,
3.955e-06,16616,
3.956e-06,16624,
3.957e-06,16856,
3.958e-06,16619,
3.959e-06,16691,
3.96e-06,16611,
3.961e-06,16764,
3.962e-06,16677,
3.963e-06,16591,
3.964e-06,16750,
3.965e-06,16606,
3.966e-06,16542,
3.967e-06,16716,
3.968e-06,16577,
3.969e-06,16650,
3.97e-06,16684,
3.971e-06,16811,
3.972e-06,16731,
3.973e-06,16711,
3.974e-06,16494,
3.975e-06,16742,
3.976e-06,16513,
3.977e-06,16458,
3.978e-06,16479,
3.979e-06,16813,
3.98e-06,16864,
3.981e-06,16590,
3.982e-06,16643,
3.983e-06,16594,
3.984e-06,16555,
3.985e-06,16754,
3.986e-06,16574,
3.987e-06,16561,
3.988e-06,16772,
3.989e-06,16786,
3.99e-06,16619,
3.991e-06,16882,
3.992e-06,16417,
3.993e-06,16744,
3.994e-06,16660,
3.995e-06,16753,
3.996e-06,16210,
3.997e-06,16835,
3.998e-06,16614,
3.999e-06,16561,
4e-06,16870,
4.001e-06,16732,
4.002e-06,16744,
4.003e-06,16774,
4.004e-06,16740,
4.005e-06,16616,
4.006e-06,16648,
4.007e-06,16766,
4.008e-06,17012,
4.009e-06,16621,
4.01e-06,16682,
4.011e-06,16705,
4.012e-06,16719,
4.013e-06,16675,
4.014e-06,16676,
4.015e-06,16672,
4.016e-06,16494,
4.017e-06,16724,
4.018e-06,16807,
4.019e-06,16936,
4.02e-06,16581,
4.021e-06,16613,
4.022e-06,16666,
4.023e-06,16853,
4.024e-06,16529,
4.025e-06,16362,
4.026e-06,16713,
4.027e-06,16709,
4.028e-06,16694,
4.029e-06,16629,
4.03e-06,16752,
4.031e-06,16646,
4.032e-06,16819,
4.033e-06,16487,
4.034e-06,16704,
4.035e-06,16698,
4.036e-06,16695,
4.037e-06,16679,
4.038e-06,16822,
4.039e-06,16786,
4.04e-06,16807,
4.041e-06,16576,
4.042e-06,16705,
4.043e-06,16732,
4.044e-06,16736,
4.045e-06,16667,
4.046e-06,16577,
4.047e-06,16582,
4.048e-06,16643,
4.049e-06,16571,
4.05e-06,16720,
4.051e-06,16743,
4.052e-06,16707,
4.053e-06,16493,
4.054e-06,16626,
4.055e-06,17139,
4.056e-06,16711,
4.057e-06,16844,
4.058e-06,16529,
4.059e-06,16596,
4.06e-06,16522,
4.061e-06,16547,
4.062e-06,16529,
4.063e-06,16781,
4.064e-06,16807,
4.065e-06,16559,
4.066e-06,16684,
4.067e-06,16500,
4.068e-06,16825,
4.069e-06,16518,
4.07e-06,16623,
4.071e-06,16401,
4.072e-06,16690,
4.073e-06,16970,
4.074e-06,16556,
4.075e-06,16556,
4.076e-06,16510,
4.077e-06,16535,
4.078e-06,16691,
4.079e-06,16686,
4.08e-06,16852,
4.081e-06,16726,
4.082e-06,16710,
4.083e-06,16607,
4.084e-06,16691,
4.085e-06,16658,
4.086e-06,16518,
4.087e-06,16504,
4.088e-06,16653,
4.089e-06,16649,
4.09e-06,16630,
4.091e-06,16698,
4.092e-06,16828,
4.093e-06,16564,
4.094e-06,16692,
4.095e-06,16638,
4.096e-06,16667,
4.097e-06,16795,
4.098e-06,16745,
4.099e-06,16536,
4.1e-06,16681,
4.101e-06,16694,
4.102e-06,16775,
4.103e-06,16584,
4.104e-06,16563,
4.105e-06,16683,
4.106e-06,16729,
4.107e-06,16563,
4.108e-06,16807,
4.109e-06,16763,
4.11e-06,16661,
4.111e-06,16780,
4.112e-06,16657,
4.113e-06,16644,
4.114e-06,16500,
4.115e-06,16618,
4.116e-06,16597,
4.117e-06,16442,
4.118e-06,16636,
4.119e-06,16772,
4.12e-06,16556,
4.121e-06,16778,
4.122e-06,16649,
4.123e-06,16770,
4.124e-06,16557,
4.125e-06,16552,
4.126e-06,16849,
4.127e-06,16671,
4.128e-06,16926,
4.129e-06,16547,
4.13e-06,16664,
4.131e-06,16667,
4.132e-06,16425,
4.133e-06,16660,
4.134e-06,16637,
4.135e-06,16543,
4.136e-06,16730,
4.137e-06,16807,
4.138e-06,16592,
4.139e-06,16561,
4.14e-06,16474,
4.141e-06,16490,
4.142e-06,16710,
4.143e-06,16634,
4.144e-06,16742,
4.145e-06,16815,
4.146e-06,16747,
4.147e-06,16631,
4.148e-06,16504,
4.149e-06,16576,
4.15e-06,16587,
4.151e-06,16534,
4.152e-06,16624,
4.153e-06,16675,
4.154e-06,16417,
4.155e-06,16633,
4.156e-06,16620,
4.157e-06,16504,
4.158e-06,16601,
4.159e-06,16669,
4.16e-06,16963,
4.161e-06,16754,
4.162e-06,16711,
4.163e-06,16873,
4.164e-06,16692,
4.165e-06,16945,
4.166e-06,16671,
4.167e-06,16488,
4.168e-06,16743,
4.169e-06,16652,
4.17e-06,16657,
4.171e-06,16517,
4.172e-06,16524,
4.173e-06,16717,
4.174e-06,16576,
4.175e-06,16876,
4.176e-06,16489,
4.177e-06,16622,
4.178e-06,16632,
4.179e-06,16649,
4.18e-06,16548,
4.181e-06,16498,
4.182e-06,16744,
4.183e-06,16643,
4.184e-06,16476,
4.185e-06,16627,
4.186e-06,16925,
4.187e-06,16370,
4.188e-06,16624,
4.189e-06,16596,
4.19e-06,16625,
4.191e-06,16542,
4.192e-06,16530,
4.193e-06,16559,
4.194e-06,16715,
4.195e-06,16476,
4.196e-06,16761,
4.197e-06,16685,
4.198e-06,16512,
4.199e-06,16418,
4.2e-06,16534,
4.201e-06,16611,
4.202e-06,16542,
4.203e-06,16331,
4.204e-06,16852,
4.205e-06,16534,
4.206e-06,16668,
4.207e-06,16738,
4.208e-06,16800,
4.209e-06,16515,
4.21e-06,16681,
4.211e-06,16637,
4.212e-06,16604,
4.213e-06,16546,
4.214e-06,16781,
4.215e-06,16932,
4.216e-06,16589,
4.217e-06,16721,
4.218e-06,16486,
4.219e-06,16766,
4.22e-06,16666,
4.221e-06,16656,
4.222e-06,16636,
4.223e-06,16682,
4.224e-06,16708,
4.225e-06,16700,
4.226e-06,16564,
4.227e-06,16407,
4.228e-06,16625,
4.229e-06,16471,
4.23e-06,16691,
4.231e-06,16526,
4.232e-06,16965,
4.233e-06,16723,
4.234e-06,16736,
4.235e-06,16854,
4.236e-06,16679,
4.237e-06,16768,
4.238e-06,16541,
4.239e-06,16921,
4.24e-06,16734,
4.241e-06,16734,
4.242e-06,16467,
4.243e-06,16778,
4.244e-06,16748,
4.245e-06,16690,
4.246e-06,16790,
4.247e-06,16825,
4.248e-06,16735,
4.249e-06,16487,
4.25e-06,16527,
4.251e-06,16782,
4.252e-06,16725,
4.253e-06,16500,
4.254e-06,17060,
4.255e-06,16485,
4.256e-06,16542,
4.257e-06,16767,
4.258e-06,16471,
4.259e-06,16383,
4.26e-06,16762,
4.261e-06,16567,
4.262e-06,16787,
4.263e-06,16610,
4.264e-06,16521,
4.265e-06,16715,
4.266e-06,16746,
4.267e-06,16779,
4.268e-06,16623,
4.269e-06,16508,
4.27e-06,16832,
4.271e-06,16724,
4.272e-06,16515,
4.273e-06,16520,
4.274e-06,16304,
4.275e-06,16604,
4.276e-06,16803,
4.277e-06,16651,
4.278e-06,16406,
4.279e-06,16808,
4.28e-06,16633,
4.281e-06,16908,
4.282e-06,16850,
4.283e-06,16549,
4.284e-06,16834,
4.285e-06,16863,
4.286e-06,16716,
4.287e-06,16615,
4.288e-06,16710,
4.289e-06,16559,
4.29e-06,16977,
4.291e-06,16510,
4.292e-06,16503,
4.293e-06,16708,
4.294e-06,16636,
4.295e-06,16772,
4.296e-06,16738,
4.297e-06,16743,
4.298e-06,16610,
4.299e-06,16496,
4.3e-06,16810,
4.301e-06,16637,
4.302e-06,16637,
4.303e-06,16828,
4.304e-06,16756,
4.305e-06,16540,
4.306e-06,16634,
4.307e-06,16755,
4.308e-06,16745,
4.309e-06,16743,
4.31e-06,16811,
4.311e-06,16683,
4.312e-06,16385,
4.313e-06,16697,
4.314e-06,16368,
4.315e-06,16623,
4.316e-06,16753,
4.317e-06,16741,
4.318e-06,16733,
4.319e-06,16572,
4.32e-06,16537,
4.321e-06,16889,
4.322e-06,16604,
4.323e-06,16606,
4.324e-06,16466,
4.325e-06,16755,
4.326e-06,16515,
4.327e-06,16505,
4.328e-06,16827,
4.329e-06,16863,
4.33e-06,16749,
4.331e-06,16631,
4.332e-06,16684,
4.333e-06,16622,
4.334e-06,16616,
4.335e-06,16562,
4.336e-06,16532,
4.337e-06,16707,
4.338e-06,16644,
4.339e-06,16693,
4.34e-06,16878,
4.341e-06,16743,
4.342e-06,16500,
4.343e-06,16686,
4.344e-06,16575,
4.345e-06,16654,
4.346e-06,16617,
4.347e-06,16652,
4.348e-06,16739,
4.349e-06,16498,
4.35e-06,16826,
4.351e-06,16665,
4.352e-06,16675,
4.353e-06,16674,
4.354e-06,16649,
4.355e-06,16737,
4.356e-06,16503,
4.357e-06,16789,
4.358e-06,16742,
4.359e-06,16598,
4.36e-06,16667,
4.361e-06,16393,
4.362e-06,16502,
4.363e-06,16584,
4.364e-06,16839,
4.365e-06,16930,
4.366e-06,16532,
4.367e-06,16586,
4.368e-06,16730,
4.369e-06,16746,
4.37e-06,16600,
4.371e-06,16565,
4.372e-06,16538,
4.373e-06,16807,
4.374e-06,16666,
4.375e-06,16734,
4.376e-06,16619,
4.377e-06,16797,
4.378e-06,16546,
4.379e-06,16767,
4.38e-06,16753,
4.381e-06,16709,
4.382e-06,16590,
4.383e-06,16852,
4.384e-06,16485,
4.385e-06,16694,
4.386e-06,16778,
4.387e-06,16579,
4.388e-06,16404,
4.389e-06,16660,
4.39e-06,16497,
4.391e-06,16565,
4.392e-06,16579,
4.393e-06,16867,
4.394e-06,16518,
4.395e-06,16723,
4.396e-06,16914,
4.397e-06,16690,
4.398e-06,16767,
4.399e-06,16687,
4.4e-06,16629,
4.401e-06,16634,
4.402e-06,16588,
4.403e-06,16734,
4.404e-06,16914,
4.405e-06,16828,
4.406e-06,16570,
4.407e-06,16792,
4.408e-06,16637,
4.409e-06,16387,
4.41e-06,16821,
4.411e-06,16566,
4.412e-06,16722,
4.413e-06,16568,
4.414e-06,16651,
4.415e-06,16730,
4.416e-06,16766,
4.417e-06,16839,
4.418e-06,16730,
4.419e-06,16689,
4.42e-06,16641,
4.421e-06,16511,
4.422e-06,16654,
4.423e-06,16782,
4.424e-06,16696,
4.425e-06,16889,
4.426e-06,16642,
4.427e-06,16671,
4.428e-06,16494,
4.429e-06,16515,
4.43e-06,16556,
4.431e-06,16428,
4.432e-06,16698,
4.433e-06,16830,
4.434e-06,16538,
4.435e-06,16872,
4.436e-06,16784,
4.437e-06,16868,
4.438e-06,16931,
4.439e-06,16699,
4.44e-06,16730,
4.441e-06,16580,
4.442e-06,16608,
4.443e-06,16778,
4.444e-06,16872,
4.445e-06,16432,
4.446e-06,16688,
4.447e-06,16692,
4.448e-06,16634,
4.449e-06,16771,
4.45e-06,16447,
4.451e-06,16694,
4.452e-06,16555,
4.453e-06,16477,
4.454e-06,16827,
4.455e-06,16787,
4.456e-06,16781,
4.457e-06,16549,
4.458e-06,16707,
4.459e-06,16563,
4.46e-06,16751,
4.461e-06,16840,
4.462e-06,16631,
4.463e-06,16752,
4.464e-06,16713,
4.465e-06,16711,
4.466e-06,16529,
4.467e-06,16637,
4.468e-06,16654,
4.469e-06,16659,
4.47e-06,16614,
4.471e-06,16775,
4.472e-06,16855,
4.473e-06,16797,
4.474e-06,16615,
4.475e-06,16595,
4.476e-06,16727,
4.477e-06,16988,
4.478e-06,16484,
4.479e-06,16552,
4.48e-06,16681,
4.481e-06,16580,
4.482e-06,16585,
4.483e-06,16802,
4.484e-06,16508,
4.485e-06,16742,
4.486e-06,16729,
4.487e-06,16635,
4.488e-06,16600,
4.489e-06,16620,
4.49e-06,16510,
4.491e-06,16548,
4.492e-06,16646,
4.493e-06,16676,
4.494e-06,16847,
4.495e-06,16973,
4.496e-06,16690,
4.497e-06,16614,
4.498e-06,16961,
4.499e-06,16478,
4.5e-06,16760,
4.501e-06,16681,
4.502e-06,16482,
4.503e-06,16551,
4.504e-06,16560,
4.505e-06,16583,
4.506e-06,16658,
4.507e-06,16593,
4.508e-06,16666,
4.509e-06,16674,
4.51e-06,16728,
4.511e-06,16603,
4.512e-06,16609,
4.513e-06,16863,
4.514e-06,16756,
4.515e-06,16887,
4.516e-06,16826,
4.517e-06,16943,
4.518e-06,16770,
4.519e-06,16786,
4.52e-06,16473,
4.521e-06,16617,
4.522e-06,16661,
4.523e-06,16810,
4.524e-06,16829,
4.525e-06,16840,
4.526e-06,16758,
4.527e-06,16772,
4.528e-06,16699,
4.529e-06,16552,
4.53e-06,16783,
4.531e-06,16628,
4.532e-06,16530,
4.533e-06,16842,
4.534e-06,16643,
4.535e-06,16591,
4.536e-06,16698,
4.537e-06,16553,
4.538e-06,16780,
4.539e-06,16538,
4.54e-06,16631,
4.541e-06,16817,
4.542e-06,16637,
4.543e-06,16909,
4.544e-06,16673,
4.545e-06,16775,
4.546e-06,16625,
4.547e-06,16846,
4.548e-06,16849,
4.549e-06,16497,
4.55e-06,16725,
4.551e-06,16794,
4.552e-06,16380,
4.553e-06,16455,
4.554e-06,16307,
4.555e-06,16688,
4.556e-06,16618,
4.557e-06,16887,
4.558e-06,16560,
4.559e-06,16601,
4.56e-06,16612,
4.561e-06,16759,
4.562e-06,16801,
4.563e-06,16656,
4.564e-06,16690,
4.565e-06,16539,
4.566e-06,16776,
4.567e-06,16687,
4.568e-06,16650,
4.569e-06,16775,
4.57e-06,16827,
4.571e-06,16491,
4.572e-06,16800,
4.573e-06,16733,
4.574e-06,16605,
4.575e-06,16867,
4.576e-06,16600,
4.577e-06,16876,
4.578e-06,16546,
4.579e-06,16784,
4.58e-06,16494,
4.581e-06,16540,
4.582e-06,16765,
4.583e-06,16613,
4.584e-06,16677,
4.585e-06,16942,
4.586e-06,16712,
4.587e-06,16511,
4.588e-06,16582,
4.589e-06,16725,
4.59e-06,16654,
4.591e-06,16697,
4.592e-06,16731,
4.593e-06,16468,
4.594e-06,16718,
4.595e-06,16616,
4.596e-06,16623,
4.597e-06,16712,
4.598e-06,16706,
4.599e-06,16617,
4.6e-06,16561,
4.601e-06,16580,
4.602e-06,16610,
4.603e-06,16758,
4.604e-06,16578,
4.605e-06,16735,
4.606e-06,17035,
4.607e-06,16622,
4.608e-06,16680,
4.609e-06,16677,
4.61e-06,16835,
4.611e-06,16833,
4.612e-06,16761,
4.613e-06,16702,
4.614e-06,16445,
4.615e-06,16603,
4.616e-06,16689,
4.617e-06,16738,
4.618e-06,16667,
4.619e-06,16739,
4.62e-06,16898,
4.621e-06,16649,
4.622e-06,16760,
4.623e-06,16572,
4.624e-06,16595,
4.625e-06,16609,
4.626e-06,16535,
4.627e-06,16539,
4.628e-06,16611,
4.629e-06,16746,
4.63e-06,16698,
4.631e-06,16606,
4.632e-06,16822,
4.633e-06,16726,
4.634e-06,16550,
4.635e-06,16719,
4.636e-06,16599,
4.637e-06,16641,
4.638e-06,16827,
4.639e-06,16812,
4.64e-06,16479,
4.641e-06,16701,
4.642e-06,16649,
4.643e-06,16811,
4.644e-06,16815,
4.645e-06,16826,
4.646e-06,16590,
4.647e-06,16680,
4.648e-06,16786,
4.649e-06,16582,
4.65e-06,16867,
4.651e-06,16617,
4.652e-06,16771,
4.653e-06,16643,
4.654e-06,16789,
4.655e-06,16567,
4.656e-06,16548,
4.657e-06,16850,
4.658e-06,16706,
4.659e-06,16591,
4.66e-06,16700,
4.661e-06,16765,
4.662e-06,16835,
4.663e-06,16687,
4.664e-06,16811,
4.665e-06,16658,
4.666e-06,16697,
4.667e-06,16763,
4.668e-06,16644,
4.669e-06,16649,
4.67e-06,16814,
4.671e-06,16504,
4.672e-06,16684,
4.673e-06,16766,
4.674e-06,16681,
4.675e-06,16563,
4.676e-06,16890,
4.677e-06,16603,
4.678e-06,16712,
4.679e-06,16968,
4.68e-06,16655,
4.681e-06,16850,
4.682e-06,16461,
4.683e-06,16749,
4.684e-06,16879,
4.685e-06,16719,
4.686e-06,16744,
4.687e-06,16696,
4.688e-06,16615,
4.689e-06,16719,
4.69e-06,16816,
4.691e-06,16616,
4.692e-06,16586,
4.693e-06,16546,
4.694e-06,16666,
4.695e-06,16807,
4.696e-06,16911,
4.697e-06,16817,
4.698e-06,16650,
4.699e-06,16840,
4.7e-06,16626,
4.701e-06,16746,
4.702e-06,16737,
4.703e-06,16501,
4.704e-06,16744,
4.705e-06,16672,
4.706e-06,16852,
4.707e-06,16699,
4.708e-06,16807,
4.709e-06,16561,
4.71e-06,16720,
4.711e-06,16508,
4.712e-06,16740,
4.713e-06,16746,
4.714e-06,16316,
4.715e-06,16694,
4.716e-06,16769,
4.717e-06,16647,
4.718e-06,16655,
4.719e-06,16668,
4.72e-06,16598,
4.721e-06,16501,
4.722e-06,16874,
4.723e-06,16578,
4.724e-06,16771,
4.725e-06,16495,
4.726e-06,16646,
4.727e-06,16719,
4.728e-06,16479,
4.729e-06,16928,
4.73e-06,16487,
4.731e-06,16577,
4.732e-06,16704,
4.733e-06,16561,
4.734e-06,16649,
4.735e-06,16693,
4.736e-06,16534,
4.737e-06,16593,
4.738e-06,16632,
4.739e-06,16922,
4.74e-06,16686,
4.741e-06,16549,
4.742e-06,16571,
4.743e-06,16767,
4.744e-06,16638,
4.745e-06,16857,
4.746e-06,16914,
4.747e-06,16642,
4.748e-06,16785,
4.749e-06,16527,
4.75e-06,16719,
4.751e-06,16649,
4.752e-06,16772,
4.753e-06,16513,
4.754e-06,16676,
4.755e-06,16599,
4.756e-06,16743,
4.757e-06,16476,
4.758e-06,16708,
4.759e-06,16657,
4.76e-06,16691,
4.761e-06,16628,
4.762e-06,16711,
4.763e-06,16449,
4.764e-06,16535,
4.765e-06,16819,
4.766e-06,16549,
4.767e-06,16806,
4.768e-06,16574,
4.769e-06,16821,
4.77e-06,16709,
4.771e-06,16495,
4.772e-06,16478,
4.773e-06,16639,
4.774e-06,16727,
4.775e-06,16554,
4.776e-06,16462,
4.777e-06,16615,
4.778e-06,16602,
4.779e-06,16681,
4.78e-06,16723,
4.781e-06,16307,
4.782e-06,16737,
4.783e-06,16857,
4.784e-06,16531,
4.785e-06,16495,
4.786e-06,16637,
4.787e-06,16555,
4.788e-06,16676,
4.789e-06,16658,
4.79e-06,16565,
4.791e-06,16984,
4.792e-06,17000,
4.793e-06,16703,
4.794e-06,16827,
4.795e-06,16728,
4.796e-06,16801,
4.797e-06,16793,
4.798e-06,16672,
4.799e-06,16757,
4.8e-06,16805,
4.801e-06,16812,
4.802e-06,16750,
4.803e-06,16591,
4.804e-06,16677,
4.805e-06,16602,
4.806e-06,16715,
4.807e-06,16617,
4.808e-06,16857,
4.809e-06,16666,
4.81e-06,16679,
4.811e-06,16677,
4.812e-06,16523,
4.813e-06,16425,
4.814e-06,16867,
4.815e-06,16790,
4.816e-06,16584,
4.817e-06,16638,
4.818e-06,16649,
4.819e-06,16598,
4.82e-06,16445,
4.821e-06,16571,
4.822e-06,16800,
4.823e-06,16656,
4.824e-06,16603,
4.825e-06,16719,
4.826e-06,16711,
4.827e-06,16827,
4.828e-06,16649,
4.829e-06,16731,
4.83e-06,16635,
4.831e-06,16723,
4.832e-06,16515,
4.833e-06,16796,
4.834e-06,16581,
4.835e-06,16680,
4.836e-06,16511,
4.837e-06,16698,
4.838e-06,16592,
4.839e-06,16896,
4.84e-06,16563,
4.841e-06,16808,
4.842e-06,16629,
4.843e-06,16631,
4.844e-06,16596,
4.845e-06,16550,
4.846e-06,16859,
4.847e-06,16521,
4.848e-06,16554,
4.849e-06,16575,
4.85e-06,16803,
4.851e-06,16710,
4.852e-06,16636,
4.853e-06,16767,
4.854e-06,16800,
4.855e-06,16815,
4.856e-06,16736,
4.857e-06,16987,
4.858e-06,16651,
4.859e-06,16463,
4.86e-06,16429,
4.861e-06,16969,
4.862e-06,16803,
4.863e-06,16710,
4.864e-06,16652,
4.865e-06,16609,
4.866e-06,16848,
4.867e-06,16680,
4.868e-06,16680,
4.869e-06,16822,
4.87e-06,16721,
4.871e-06,16794,
4.872e-06,16730,
4.873e-06,16709,
4.874e-06,16635,
4.875e-06,16690,
4.876e-06,16672,
4.877e-06,16473,
4.878e-06,16606,
4.879e-06,16653,
4.88e-06,16605,
4.881e-06,16877,
4.882e-06,16983,
4.883e-06,16882,
4.884e-06,16795,
4.885e-06,16690,
4.886e-06,16830,
4.887e-06,16697,
4.888e-06,16819,
4.889e-06,16528,
4.89e-06,16648,
4.891e-06,16607,
4.892e-06,16633,
4.893e-06,16760,
4.894e-06,16784,
4.895e-06,16725,
4.896e-06,16549,
4.897e-06,16778,
4.898e-06,16723,
4.899e-06,16862,
4.9e-06,16799,
4.901e-06,16836,
4.902e-06,16782,
4.903e-06,16710,
4.904e-06,16498,
4.905e-06,16926,
4.906e-06,16649,
4.907e-06,16865,
4.908e-06,16563,
4.909e-06,16916,
4.91e-06,16734,
4.911e-06,16875,
4.912e-06,16583,
4.913e-06,16815,
4.914e-06,16662,
4.915e-06,16658,
4.916e-06,16632,
4.917e-06,16582,
4.918e-06,16787,
4.919e-06,16928,
4.92e-06,16652,
4.921e-06,16863,
4.922e-06,16872,
4.923e-06,16752,
4.924e-06,16633,
4.925e-06,16581,
4.926e-06,16730,
4.927e-06,16696,
4.928e-06,16837,
4.929e-06,16954,
4.93e-06,16513,
4.931e-06,16880,
4.932e-06,16646,
4.933e-06,16696,
4.934e-06,17118,
4.935e-06,16795,
4.936e-06,16700,
4.937e-06,16937,
4.938e-06,16678,
4.939e-06,16792,
4.94e-06,16528,
4.941e-06,16760,
4.942e-06,16825,
4.943e-06,16535,
4.944e-06,16552,
4.945e-06,16832,
4.946e-06,16521,
4.947e-06,16851,
4.948e-06,16687,
4.949e-06,16647,
4.95e-06,16728,
4.951e-06,16824,
4.952e-06,16760,
4.953e-06,16820,
4.954e-06,16780,
4.955e-06,16704,
4.956e-06,16768,
4.957e-06,16833,
4.958e-06,17057,
4.959e-06,16826,
4.96e-06,16403,
4.961e-06,16827,
4.962e-06,16748,
4.963e-06,16507,
4.964e-06,16625,
4.965e-06,16839,
4.966e-06,16706,
4.967e-06,16597,
4.968e-06,16549,
4.969e-06,16818,
4.97e-06,16715,
4.971e-06,16685,
4.972e-06,16632,
4.973e-06,16514,
4.974e-06,16615,
4.975e-06,16870,
4.976e-06,16730,
4.977e-06,16961,
4.978e-06,16667,
4.979e-06,16680,
4.98e-06,16688,
4.981e-06,16768,
4.982e-06,16607,
4.983e-06,16733,
4.984e-06,16618,
4.985e-06,16728,
4.986e-06,16391,
4.987e-06,16641,
4.988e-06,16857,
4.989e-06,16609,
4.99e-06,16690,
4.991e-06,16605,
4.992e-06,16492,
4.993e-06,16650,
4.994e-06,16577,
4.995e-06,16674,
4.996e-06,16765,
4.997e-06,16694,
4.998e-06,16678,
4.999e-06,16636,
5e-06,16667,
5.001e-06,16693,
5.002e-06,16625,
5.003e-06,16639,
5.004e-06,16521,
5.005e-06,16713,
5.006e-06,16596,
5.007e-06,16621,
5.008e-06,16834,
5.009e-06,16530,
5.01e-06,16823,
5.011e-06,16592,
5.012e-06,16874,
5.013e-06,16527,
5.014e-06,16919,
5.015e-06,16440,
5.016e-06,16733,
5.017e-06,16720,
5.018e-06,16773,
5.019e-06,16497,
5.02e-06,16665,
5.021e-06,16655,
5.022e-06,16648,
5.023e-06,16823,
5.024e-06,16680,
5.025e-06,16593,
5.026e-06,16842,
5.027e-06,16782,
5.028e-06,16720,
5.029e-06,16740,
5.03e-06,16808,
5.031e-06,16438,
5.032e-06,16696,
5.033e-06,16710,
5.034e-06,16523,
5.035e-06,16598,
5.036e-06,16544,
5.037e-06,16642,
5.038e-06,16819,
5.039e-06,16892,
5.04e-06,16713,
5.041e-06,16633,
5.042e-06,16737,
5.043e-06,16825,
5.044e-06,16617,
5.045e-06,16615,
5.046e-06,16724,
5.047e-06,16794,
5.048e-06,16860,
5.049e-06,16764,
5.05e-06,16699,
5.051e-06,16617,
5.052e-06,16646,
5.053e-06,16607,
5.054e-06,16693,
5.055e-06,16701,
5.056e-06,17119,
5.057e-06,16589,
5.058e-06,16765,
5.059e-06,16647,
5.06e-06,16648,
5.061e-06,16600,
5.062e-06,16879,
5.063e-06,16589,
5.064e-06,16725,
5.065e-06,16713,
5.066e-06,16791,
5.067e-06,16808,
5.068e-06,16861,
5.069e-06,16585,
5.07e-06,16581,
5.071e-06,16776,
5.072e-06,16624,
5.073e-06,16753,
5.074e-06,16515,
5.075e-06,16843,
5.076e-06,16617,
5.077e-06,16610,
5.078e-06,16605,
5.079e-06,16760,
5.08e-06,16857,
5.081e-06,16533,
5.082e-06,16637,
5.083e-06,16865,
5.084e-06,16752,
5.085e-06,16791,
5.086e-06,16624,
5.087e-06,16459,
5.088e-06,16718,
5.089e-06,16709,
5.09e-06,16618,
5.091e-06,16569,
5.092e-06,16739,
5.093e-06,16817,
5.094e-06,16600,
5.095e-06,16710,
5.096e-06,16629,
5.097e-06,16764,
5.098e-06,16699,
5.099e-06,16886,
5.1e-06,16731,
5.101e-06,16786,
5.102e-06,16699,
5.103e-06,16630,
5.104e-06,16592,
5.105e-06,16822,
5.106e-06,16585,
5.107e-06,16562,
5.108e-06,16849,
5.109e-06,16861,
5.11e-06,16657,
5.111e-06,16770,
5.112e-06,16958,
5.113e-06,16660,
5.114e-06,16564,
5.115e-06,16499,
5.116e-06,16572,
5.117e-06,16794,
5.118e-06,16528,
5.119e-06,16669,
5.12e-06,16685,
5.121e-06,16812,
5.122e-06,16748,
5.123e-06,16446,
5.124e-06,16761,
5.125e-06,16483,
5.126e-06,16836,
5.127e-06,16704,
5.128e-06,16718,
5.129e-06,16683,
5.13e-06,16646,
5.131e-06,16597,
5.132e-06,16697,
5.133e-06,16716,
5.134e-06,16992,
5.135e-06,16826,
5.136e-06,16556,
5.137e-06,16870,
5.138e-06,16649,
5.139e-06,16836,
5.14e-06,16745,
5.141e-06,16560,
5.142e-06,16882,
5.143e-06,16751,
5.144e-06,16836,
5.145e-06,16639,
5.146e-06,16726,
5.147e-06,16558,
5.148e-06,17037,
5.149e-06,16677,
5.15e-06,16557,
5.151e-06,16535,
5.152e-06,16500,
5.153e-06,16838,
5.154e-06,16888,
5.155e-06,16794,
5.156e-06,16659,
5.157e-06,16742,
5.158e-06,16897,
5.159e-06,16599,
5.16e-06,16537,
5.161e-06,16647,
5.162e-06,16830,
5.163e-06,16546,
5.164e-06,16893,
5.165e-06,16730,
5.166e-06,16846,
5.167e-06,16831,
5.168e-06,16808,
5.169e-06,17018,
5.17e-06,16454,
5.171e-06,16848,
5.172e-06,16549,
5.173e-06,16561,
5.174e-06,16654,
5.175e-06,16466,
5.176e-06,16558,
5.177e-06,16792,
5.178e-06,16710,
5.179e-06,16789,
5.18e-06,16920,
5.181e-06,17022,
5.182e-06,16963,
5.183e-06,16804,
5.184e-06,16597,
5.185e-06,16923,
5.186e-06,16824,
5.187e-06,16644,
5.188e-06,16717,
5.189e-06,16542,
5.19e-06,16686,
5.191e-06,16653,
5.192e-06,16682,
5.193e-06,16800,
5.194e-06,16617,
5.195e-06,16681,
5.196e-06,16848,
5.197e-06,16749,
5.198e-06,16884,
5.199e-06,16721,
5.2e-06,16715,
5.201e-06,16765,
5.202e-06,16679,
5.203e-06,16720,
5.204e-06,16799,
5.205e-06,16571,
5.206e-06,16662,
5.207e-06,16796,
5.208e-06,16721,
5.209e-06,16749,
5.21e-06,16699,
5.211e-06,16832,
5.212e-06,16633,
5.213e-06,16533,
5.214e-06,16696,
5.215e-06,16636,
5.216e-06,16715,
5.217e-06,16807,
5.218e-06,16979,
5.219e-06,16792,
5.22e-06,16599,
5.221e-06,16729,
5.222e-06,16817,
5.223e-06,16814,
5.224e-06,16744,
5.225e-06,16634,
5.226e-06,16817,
5.227e-06,16769,
5.228e-06,17039,
5.229e-06,16612,
5.23e-06,16717,
5.231e-06,16638,
5.232e-06,644,
5.233e-06,0,
5.234e-06,0,
5.235e-06,0,
5.236e-06,0,
